year,sex,age,value
2002,1,0,2018522
2002,1,1,2044479
2002,1,2,1972924
2002,1,3,1944897
2002,1,4,1950720
2002,1,5,1960786
2002,1,6,2002026
2002,1,7,2039312
2002,1,8,2058954
2002,1,9,2111604
2002,1,10,2171164
2002,1,11,2199786
2002,1,12,2245442
2002,1,13,2156145
2002,1,14,2117462
2002,1,15,2101617
2002,1,16,2122639
2002,1,17,2141357
2002,1,18,2112882
2002,1,19,2149996
2002,1,20,2140289
2002,1,21,2130736
2002,1,22,2108849
2002,1,23,2004943
2002,1,24,1942703
2002,1,25,1916744
2002,1,26,1856790
2002,1,27,1914753
2002,1,28,1857165
2002,1,29,1897302
2002,1,30,2012465
2002,1,31,2112815
2002,1,32,2184931
2002,1,33,2058617
2002,1,34,2019285
2002,1,35,2025303
2002,1,36,2084490
2002,1,37,2229027
2002,1,38,2258080
2002,1,39,2250872
2002,1,40,2260679
2002,1,41,2284301
2002,1,42,2339185
2002,1,43,2235579
2002,1,44,2233678
2002,1,45,2200968
2002,1,46,2120188
2002,1,47,2140507
2002,1,48,2035358
2002,1,49,1969476
2002,1,50,1902885
2002,1,51,1857726
2002,1,52,1854284
2002,1,53,1782978
2002,1,54,1770221
2002,1,55,1847760
2002,1,56,1382872
2002,1,57,1374045
2002,1,58,1348687
2002,1,59,1387713
2002,1,60,1217335
2002,1,61,1131638
2002,1,62,1098596
2002,1,63,1045297
2002,1,64,1015731
2002,1,65,952282
2002,1,66,928349
2002,1,67,922458
2002,1,68,840036
2002,1,69,831542
2002,1,70,813765
2002,1,71,802655
2002,1,72,800131
2002,1,73,749112
2002,1,74,731547
2002,1,75,696076
2002,1,76,655316
2002,1,77,629601
2002,1,78,583772
2002,1,79,537004
2002,1,80,499953
2002,1,81,455626
2002,1,82,402497
2002,1,83,337181
2002,1,84,303734
2002,1,85,253264
2002,1,86,217280
2002,1,87,186321
2002,1,88,152186
2002,1,89,122646
2002,1,90,95216
2002,1,91,73542
2002,1,92,56073
2002,1,93,40100
2002,1,94,30152
2002,1,95,20721
2002,1,96,14519
2002,1,97,10057
2002,1,98,6600
2002,1,99,4490
2002,1,100,8195
2003,1,0,2033237
2003,1,1,2009420
2003,1,2,2043525
2003,1,3,1974987
2003,1,4,1951950
2003,1,5,1955885
2003,1,6,1960653
2003,1,7,2007360
2003,1,8,2044317
2003,1,9,2071389
2003,1,10,2155393
2003,1,11,2176445
2003,1,12,2218609
2003,1,13,2256394
2003,1,14,2163637
2003,1,15,2140303
2003,1,16,2126560
2003,1,17,2144766
2003,1,18,2169578
2003,1,19,2129392
2003,1,20,2146225
2003,1,21,2135808
2003,1,22,2117934
2003,1,23,2099624
2003,1,24,1998374
2003,1,25,1943865
2003,1,26,1901518
2003,1,27,1856904
2003,1,28,1912388
2003,1,29,1849806
2003,1,30,1918704
2003,1,31,1994472
2003,1,32,2124673
2003,1,33,2182673
2003,1,34,2057870
2003,1,35,2024193
2003,1,36,2020135
2003,1,37,2077426
2003,1,38,2225884
2003,1,39,2256420
2003,1,40,2243727
2003,1,41,2260614
2003,1,42,2279589
2003,1,43,2335874
2003,1,44,2223641
2003,1,45,2224414
2003,1,46,2200290
2003,1,47,2117276
2003,1,48,2131053
2003,1,49,2032378
2003,1,50,1957066
2003,1,51,1903885
2003,1,52,1846875
2003,1,53,1851585
2003,1,54,1778213
2003,1,55,1753341
2003,1,56,1844529
2003,1,57,1372827
2003,1,58,1365498
2003,1,59,1336406
2003,1,60,1368194
2003,1,61,1212101
2003,1,62,1119523
2003,1,63,1087611
2003,1,64,1029496
2003,1,65,1001903
2003,1,66,937277
2003,1,67,913146
2003,1,68,904419
2003,1,69,820345
2003,1,70,808170
2003,1,71,795334
2003,1,72,776914
2003,1,73,774554
2003,1,74,720651
2003,1,75,698219
2003,1,76,667787
2003,1,77,621701
2003,1,78,595667
2003,1,79,548486
2003,1,80,499405
2003,1,81,464268
2003,1,82,417522
2003,1,83,367149
2003,1,84,303077
2003,1,85,270033
2003,1,86,222820
2003,1,87,188539
2003,1,88,158328
2003,1,89,127559
2003,1,90,99382
2003,1,91,76476
2003,1,92,57665
2003,1,93,42364
2003,1,94,29627
2003,1,95,21626
2003,1,96,14884
2003,1,97,9975
2003,1,98,6694
2003,1,99,4448
2003,1,100,7781
2004,1,0,2052042
2004,1,1,2020169
2004,1,2,2008411
2004,1,3,2045933
2004,1,4,1983939
2004,1,5,1957840
2004,1,6,1954556
2004,1,7,1966777
2004,1,8,2012719
2004,1,9,2059114
2004,1,10,2125852
2004,1,11,2156867
2004,1,12,2196464
2004,1,13,2227712
2004,1,14,2261079
2004,1,15,2188103
2004,1,16,2165214
2004,1,17,2146158
2004,1,18,2172313
2004,1,19,2187971
2004,1,20,2132862
2004,1,21,2156023
2004,1,22,2137442
2004,1,23,2123444
2004,1,24,2105148
2004,1,25,2010965
2004,1,26,1933949
2004,1,27,1910787
2004,1,28,1862479
2004,1,29,1909795
2004,1,30,1884720
2004,1,31,1901095
2004,1,32,2017316
2004,1,33,2128284
2004,1,34,2186941
2004,1,35,2069933
2004,1,36,2023152
2004,1,37,2017065
2004,1,38,2080137
2004,1,39,2231042
2004,1,40,2252988
2004,1,41,2248606
2004,1,42,2258953
2004,1,43,2279113
2004,1,44,2323552
2004,1,45,2215272
2004,1,46,2227648
2004,1,47,2199700
2004,1,48,2107717
2004,1,49,2130419
2004,1,50,2018146
2004,1,51,1961738
2004,1,52,1891504
2004,1,53,1845760
2004,1,54,1847897
2004,1,55,1758586
2004,1,56,1753133
2004,1,57,1830349
2004,1,58,1364399
2004,1,59,1352760
2004,1,60,1315754
2004,1,61,1365695
2004,1,62,1199144
2004,1,63,1108921
2004,1,64,1070816
2004,1,65,1015816
2004,1,66,986009
2004,1,67,922625
2004,1,68,895181
2004,1,69,883380
2004,1,70,796318
2004,1,71,791222
2004,1,72,769205
2004,1,73,752487
2004,1,74,744927
2004,1,75,686874
2004,1,76,671287
2004,1,77,633496
2004,1,78,588554
2004,1,79,559869
2004,1,80,509590
2004,1,81,464757
2004,1,82,425169
2004,1,83,381825
2004,1,84,329740
2004,1,85,269625
2004,1,86,238350
2004,1,87,193604
2004,1,88,160302
2004,1,89,133041
2004,1,90,103181
2004,1,91,80149
2004,1,92,60148
2004,1,93,43602
2004,1,94,31425
2004,1,95,21291
2004,1,96,15631
2004,1,97,10273
2004,1,98,6611
2004,1,99,4547
2004,1,100,7519
2005,1,0,2047711
2005,1,1,2036538
2005,1,2,2020295
2005,1,3,2012820
2005,1,4,2058231
2005,1,5,1991645
2005,1,6,1956456
2005,1,7,1962661
2005,1,8,1973522
2005,1,9,2030883
2005,1,10,2125604
2005,1,11,2124517
2005,1,12,2178897
2005,1,13,2204584
2005,1,14,2230595
2005,1,15,2288448
2005,1,16,2213951
2005,1,17,2183662
2005,1,18,2174412
2005,1,19,2190952
2005,1,20,2185676
2005,1,21,2139490
2005,1,22,2151169
2005,1,23,2136786
2005,1,24,2124028
2005,1,25,2115519
2005,1,26,1993073
2005,1,27,1942425
2005,1,28,1913949
2005,1,29,1857200
2005,1,30,1952025
2005,1,31,1859850
2005,1,32,1926111
2005,1,33,2019457
2005,1,34,2131340
2005,1,35,2200202
2005,1,36,2066098
2005,1,37,2016811
2005,1,38,2018877
2005,1,39,2085045
2005,1,40,2226254
2005,1,41,2258597
2005,1,42,2245748
2005,1,43,2258382
2005,1,44,2264181
2005,1,45,2314057
2005,1,46,2220792
2005,1,47,2228342
2005,1,48,2188567
2005,1,49,2108325
2005,1,50,2113557
2005,1,51,2026203
2005,1,52,1947260
2005,1,53,1891790
2005,1,54,1842482
2005,1,55,1824610
2005,1,56,1761297
2005,1,57,1739222
2005,1,58,1819296
2005,1,59,1350936
2005,1,60,1330174
2005,1,61,1316923
2005,1,62,1351274
2005,1,63,1188493
2005,1,64,1090862
2005,1,65,1057487
2005,1,66,1000448
2005,1,67,971691
2005,1,68,904790
2005,1,69,874711
2005,1,70,857454
2005,1,71,781306
2005,1,72,765167
2005,1,73,746001
2005,1,74,724073
2005,1,75,709619
2005,1,76,662437
2005,1,77,637311
2005,1,78,600987
2005,1,79,553999
2005,1,80,520539
2005,1,81,475653
2005,1,82,426417
2005,1,83,390040
2005,1,84,343965
2005,1,85,293858
2005,1,86,239144
2005,1,87,208469
2005,1,88,164989
2005,1,89,135491
2005,1,90,107838
2005,1,91,83891
2005,1,92,63576
2005,1,93,45686
2005,1,94,32679
2005,1,95,22801
2005,1,96,15678
2005,1,97,10877
2005,1,98,6886
2005,1,99,4493
2005,1,100,7488
2006,1,0,2065819
2006,1,1,2029583
2006,1,2,2037699
2006,1,3,2026575
2006,1,4,2028196
2006,1,5,2067621
2006,1,6,1989878
2006,1,7,1966492
2006,1,8,1970668
2006,1,9,1994856
2006,1,10,2108693
2006,1,11,2121524
2006,1,12,2148879
2006,1,13,2186207
2006,1,14,2205891
2006,1,15,2260192
2006,1,16,2315411
2006,1,17,2231279
2006,1,18,2212557
2006,1,19,2190977
2006,1,20,2184969
2006,1,21,2191406
2006,1,22,2132034
2006,1,23,2150367
2006,1,24,2138575
2006,1,25,2139011
2006,1,26,2095497
2006,1,27,2004824
2006,1,28,1948157
2006,1,29,1908100
2006,1,30,1908207
2006,1,31,1920967
2006,1,32,1890125
2006,1,33,1928913
2006,1,34,2025038
2006,1,35,2148987
2006,1,36,2196017
2006,1,37,2059996
2006,1,38,2020763
2006,1,39,2026022
2006,1,40,2081774
2006,1,41,2235552
2006,1,42,2257544
2006,1,43,2246886
2006,1,44,2242649
2006,1,45,2255226
2006,1,46,2322962
2006,1,47,2223663
2006,1,48,2216534
2006,1,49,2191446
2006,1,50,2089893
2006,1,51,2125890
2006,1,52,2010094
2006,1,53,1949539
2006,1,54,1889337
2006,1,55,1816409
2006,1,56,1830564
2006,1,57,1746603
2006,1,58,1728992
2006,1,59,1801227
2006,1,60,1326336
2006,1,61,1335279
2006,1,62,1303566
2006,1,63,1340312
2006,1,64,1168771
2006,1,65,1077812
2006,1,66,1042044
2006,1,67,986584
2006,1,68,953381
2006,1,69,884178
2006,1,70,848416
2006,1,71,843344
2006,1,72,755357
2006,1,73,743108
2006,1,74,718165
2006,1,75,689385
2006,1,76,686620
2006,1,77,629385
2006,1,78,605767
2006,1,79,566741
2006,1,80,515325
2006,1,81,487526
2006,1,82,436936
2006,1,83,392892
2006,1,84,351889
2006,1,85,307777
2006,1,86,261471
2006,1,87,210258
2006,1,88,178549
2006,1,89,140148
2006,1,90,110104
2006,1,91,88414
2006,1,92,67120
2006,1,93,48580
2006,1,94,34549
2006,1,95,23992
2006,1,96,16800
2006,1,97,11005
2006,1,98,7374
2006,1,99,4747
2006,1,100,7502
2007,1,0,2120816
2007,1,1,2044119
2007,1,2,2031170
2007,1,3,2045144
2007,1,4,2044444
2007,1,5,2038482
2007,1,6,2064421
2007,1,7,2001256
2007,1,8,1975219
2007,1,9,1994550
2007,1,10,2082772
2007,1,11,2101341
2007,1,12,2147007
2007,1,13,2154619
2007,1,14,2185221
2007,1,15,2236697
2007,1,16,2286631
2007,1,17,2329969
2007,1,18,2259498
2007,1,19,2223695
2007,1,20,2175195
2007,1,21,2184771
2007,1,22,2175374
2007,1,23,2125328
2007,1,24,2147168
2007,1,25,2150579
2007,1,26,2111196
2007,1,27,2105989
2007,1,28,2007290
2007,1,29,1938385
2007,1,30,1965174
2007,1,31,1869108
2007,1,32,1954635
2007,1,33,1890360
2007,1,34,1932154
2007,1,35,2042845
2007,1,36,2142266
2007,1,37,2185701
2007,1,38,2062939
2007,1,39,2027301
2007,1,40,2021075
2007,1,41,2090954
2007,1,42,2233912
2007,1,43,2258746
2007,1,44,2228489
2007,1,45,2233025
2007,1,46,2266159
2007,1,47,2326976
2007,1,48,2210559
2007,1,49,2220829
2007,1,50,2170086
2007,1,51,2105021
2007,1,52,2107225
2007,1,53,2014300
2007,1,54,1947797
2007,1,55,1859281
2007,1,56,1824531
2007,1,57,1814344
2007,1,58,1736443
2007,1,59,1710700
2007,1,60,1766043
2007,1,61,1334516
2007,1,62,1322109
2007,1,63,1294016
2007,1,64,1317780
2007,1,65,1155119
2007,1,66,1061969
2007,1,67,1028624
2007,1,68,968187
2007,1,69,931531
2007,1,70,856729
2007,1,71,836079
2007,1,72,815065
2007,1,73,734155
2007,1,74,715467
2007,1,75,683039
2007,1,76,668782
2007,1,77,652493
2007,1,78,599072
2007,1,79,571753
2007,1,80,527247
2007,1,81,483736
2007,1,82,448157
2007,1,83,403576
2007,1,84,355093
2007,1,85,315191
2007,1,86,275109
2007,1,87,230317
2007,1,88,180469
2007,1,89,152665
2007,1,90,113656
2007,1,91,90802
2007,1,92,71170
2007,1,93,51427
2007,1,94,36994
2007,1,95,25487
2007,1,96,17800
2007,1,97,11853
2007,1,98,7489
2007,1,99,5114
2007,1,100,7693
2008,1,0,2109846
2008,1,1,2095154
2008,1,2,2046268
2008,1,3,2039937
2008,1,4,2065739
2008,1,5,2056164
2008,1,6,2034499
2008,1,7,2077462
2008,1,8,2010918
2008,1,9,2002071
2008,1,10,2094239
2008,1,11,2072499
2008,1,12,2128173
2008,1,13,2151552
2008,1,14,2151718
2008,1,15,2217764
2008,1,16,2263348
2008,1,17,2299512
2008,1,18,2357770
2008,1,19,2267338
2008,1,20,2203034
2008,1,21,2176554
2008,1,22,2170281
2008,1,23,2169035
2008,1,24,2122142
2008,1,25,2161269
2008,1,26,2118708
2008,1,27,2124164
2008,1,28,2109285
2008,1,29,1995710
2008,1,30,2005304
2008,1,31,1918551
2008,1,32,1906803
2008,1,33,1954630
2008,1,34,1893638
2008,1,35,1951453
2008,1,36,2036234
2008,1,37,2131773
2008,1,38,2189534
2008,1,39,2070660
2008,1,40,2021855
2008,1,41,2031178
2008,1,42,2089575
2008,1,43,2236079
2008,1,44,2238412
2008,1,45,2218446
2008,1,46,2245998
2008,1,47,2271170
2008,1,48,2312020
2008,1,49,2216356
2008,1,50,2197224
2008,1,51,2189639
2008,1,52,2084700
2008,1,53,2113819
2008,1,54,2013539
2008,1,55,1913592
2008,1,56,1870156
2008,1,57,1807079
2008,1,58,1804202
2008,1,59,1717301
2008,1,60,1674280
2008,1,61,1783203
2008,1,62,1321417
2008,1,63,1313243
2008,1,64,1270827
2008,1,65,1303557
2008,1,66,1138633
2008,1,67,1048799
2008,1,68,1009620
2008,1,69,945830
2008,1,70,901774
2008,1,71,845857
2008,1,72,807647
2008,1,73,792997
2008,1,74,706721
2008,1,75,679687
2008,1,76,664284
2008,1,77,635582
2008,1,78,621852
2008,1,79,565841
2008,1,80,531699
2008,1,81,496116
2008,1,82,444700
2008,1,83,415006
2008,1,84,364892
2008,1,85,318743
2008,1,86,282322
2008,1,87,243482
2008,1,88,197252
2008,1,89,154997
2008,1,90,124009
2008,1,91,94051
2008,1,92,73473
2008,1,93,54582
2008,1,94,39387
2008,1,95,27460
2008,1,96,19044
2008,1,97,12658
2008,1,98,8088
2008,1,99,5215
2008,1,100,8051
2009,1,0,2044418
2009,1,1,2080878
2009,1,2,2097732
2009,1,3,2056282
2009,1,4,2062779
2009,1,5,2078709
2009,1,6,2051558
2009,1,7,2048522
2009,1,8,2087842
2009,1,9,2041124
2009,1,10,2113518
2009,1,11,2080465
2009,1,12,2100432
2009,1,13,2131163
2009,1,14,2146254
2009,1,15,2185191
2009,1,16,2243808
2009,1,17,2273583
2009,1,18,2326121
2009,1,19,2359536
2009,1,20,2242042
2009,1,21,2201022
2009,1,22,2156791
2009,1,23,2161622
2009,1,24,2163232
2009,1,25,2136055
2009,1,26,2123441
2009,1,27,2131764
2009,1,28,2126324
2009,1,29,2093773
2009,1,30,2071064
2009,1,31,1950109
2009,1,32,1961054
2009,1,33,1905203
2009,1,34,1957125
2009,1,35,1913685
2009,1,36,1943059
2009,1,37,2024753
2009,1,38,2136185
2009,1,39,2197945
2009,1,40,2063870
2009,1,41,2032646
2009,1,42,2029246
2009,1,43,2091675
2009,1,44,2213137
2009,1,45,2227071
2009,1,46,2232877
2009,1,47,2251625
2009,1,48,2254796
2009,1,49,2319302
2009,1,50,2190333
2009,1,51,2220328
2009,1,52,2166314
2009,1,53,2092799
2009,1,54,2113789
2009,1,55,1974783
2009,1,56,1927719
2009,1,57,1851260
2009,1,58,1797118
2009,1,59,1783506
2009,1,60,1677738
2009,1,61,1694484
2009,1,62,1767422
2009,1,63,1313400
2009,1,64,1288629
2009,1,65,1257340
2009,1,66,1285834
2009,1,67,1125678
2009,1,68,1029534
2009,1,69,986113
2009,1,70,914700
2009,1,71,892048
2009,1,72,816692
2009,1,73,786497
2009,1,74,763506
2009,1,75,670445
2009,1,76,662929
2009,1,77,631391
2009,1,78,606615
2009,1,79,587904
2009,1,80,526176
2009,1,81,501564
2009,1,82,456484
2009,1,83,412912
2009,1,84,375715
2009,1,85,328081
2009,1,86,286733
2009,1,87,250591
2009,1,88,209211
2009,1,89,169765
2009,1,90,126156
2009,1,91,103533
2009,1,92,76337
2009,1,93,56532
2009,1,94,42066
2009,1,95,29474
2009,1,96,20583
2009,1,97,13596
2009,1,98,8709
2009,1,99,5642
2009,1,100,8338
2010,1,0,2018474
2010,1,1,2020235
2010,1,2,2088545
2010,1,3,2101149
2010,1,4,2084214
2010,1,5,2076481
2010,1,6,2079365
2010,1,7,2063100
2010,1,8,2054386
2010,1,9,2106966
2010,1,10,2142102
2010,1,11,2104757
2010,1,12,2103618
2010,1,13,2104884
2010,1,14,2122845
2010,1,15,2170350
2010,1,16,2214887
2010,1,17,2252696
2010,1,18,2305381
2010,1,19,2334580
2010,1,20,2331576
2010,1,21,2240829
2010,1,22,2187886
2010,1,23,2150723
2010,1,24,2161068
2010,1,25,2176872
2010,1,26,2102080
2010,1,27,2134938
2010,1,28,2134757
2010,1,29,2112104
2010,1,30,2167197
2010,1,31,2026210
2010,1,32,1985915
2010,1,33,1963362
2010,1,34,1908478
2010,1,35,1974384
2010,1,36,1907110
2010,1,37,1934224
2010,1,38,2027725
2010,1,39,2148376
2010,1,40,2189169
2010,1,41,2073642
2010,1,42,2031512
2010,1,43,2030704
2010,1,44,2074286
2010,1,45,2201602
2010,1,46,2238507
2010,1,47,2237697
2010,1,48,2235042
2010,1,49,2262187
2010,1,50,2290606
2010,1,51,2209562
2010,1,52,2196942
2010,1,53,2170734
2010,1,54,2091450
2010,1,55,2075004
2010,1,56,1984275
2010,1,57,1909834
2010,1,58,1838532
2010,1,59,1779355
2010,1,60,1742090
2010,1,61,1691296
2010,1,62,1678966
2010,1,63,1753805
2010,1,64,1291769
2010,1,65,1272599
2010,1,66,1239730
2010,1,67,1270085
2010,1,68,1105657
2010,1,69,1006740
2010,1,70,954011
2010,1,71,903193
2010,1,72,862490
2010,1,73,794615
2010,1,74,758805
2010,1,75,725648
2010,1,76,653554
2010,1,77,630859
2010,1,78,602784
2010,1,79,573879
2010,1,80,549207
2010,1,81,496002
2010,1,82,462695
2010,1,83,422874
2010,1,84,375568
2010,1,85,337577
2010,1,86,295335
2010,1,87,253611
2010,1,88,216238
2010,1,89,180508
2010,1,90,141449
2010,1,91,104351
2010,1,92,83529
2010,1,93,60248
2010,1,94,43883
2010,1,95,31785
2010,1,96,22059
2010,1,97,14801
2010,1,98,9519
2010,1,99,6116
2010,1,100,9357
2011,1,0,2028430
2011,1,1,2025272
2011,1,2,2026392
2011,1,3,2093789
2011,1,4,2105836
2011,1,5,2089022
2011,1,6,2081475
2011,1,7,2084118
2011,1,8,2067751
2011,1,9,2058990
2011,1,10,2111575
2011,1,11,2146781
2011,1,12,2109450
2011,1,13,2108623
2011,1,14,2110350
2011,1,15,2129048
2011,1,16,2178470
2011,1,17,2226108
2011,1,18,2265781
2011,1,19,2320062
2011,1,20,2348608
2011,1,21,2344284
2011,1,22,2252078
2011,1,23,2198226
2011,1,24,2160395
2011,1,25,2169555
2011,1,26,2184339
2011,1,27,2109020
2011,1,28,2141229
2011,1,29,2140469
2011,1,30,2117055
2011,1,31,2171425
2011,1,32,2029606
2011,1,33,1989129
2011,1,34,1965744
2011,1,35,1910494
2011,1,36,1975511
2011,1,37,1907660
2011,1,38,1934009
2011,1,39,2027326
2011,1,40,2146439
2011,1,41,2186061
2011,1,42,2070467
2011,1,43,2028037
2011,1,44,2026684
2011,1,45,2069051
2011,1,46,2195447
2011,1,47,2231275
2011,1,48,2229164
2011,1,49,2225431
2011,1,50,2251372
2011,1,51,2278720
2011,1,52,2196842
2011,1,53,2182975
2011,1,54,2155731
2011,1,55,2075671
2011,1,56,2058469
2011,1,57,1967228
2011,1,58,1892065
2011,1,59,1820261
2011,1,60,1760594
2011,1,61,1723015
2011,1,62,1671441
2011,1,63,1657416
2011,1,64,1730174
2011,1,65,1272674
2011,1,66,1252639
2011,1,67,1218400
2011,1,68,1246205
2011,1,69,1083127
2011,1,70,984581
2011,1,71,931278
2011,1,72,879727
2011,1,73,837938
2011,1,74,769821
2011,1,75,732875
2011,1,76,698428
2011,1,77,626540
2011,1,78,602282
2011,1,79,572620
2011,1,80,542150
2011,1,81,515531
2011,1,82,462132
2011,1,83,427522
2011,1,84,387107
2011,1,85,340237
2011,1,86,302468
2011,1,87,261388
2011,1,88,221563
2011,1,89,186006
2011,1,90,152981
2011,1,91,117737
2011,1,92,85403
2011,1,93,66981
2011,1,94,47250
2011,1,95,33680
2011,1,96,23857
2011,1,97,16144
2011,1,98,10576
2011,1,99,6609
2011,1,100,10086
2012,1,0,2007742
2012,1,1,2035213
2012,1,2,2031333
2012,1,3,2031550
2012,1,4,2098502
2012,1,5,2110631
2012,1,6,2093845
2012,1,7,2086089
2012,1,8,2088714
2012,1,9,2072429
2012,1,10,2063702
2012,1,11,2116386
2012,1,12,2151622
2012,1,13,2114472
2012,1,14,2114017
2012,1,15,2116422
2012,1,16,2136925
2012,1,17,2189185
2012,1,18,2238578
2012,1,19,2279599
2012,1,20,2335652
2012,1,21,2366487
2012,1,22,2361027
2012,1,23,2267414
2012,1,24,2212147
2012,1,25,2173734
2012,1,26,2182143
2012,1,27,2195584
2012,1,28,2119179
2012,1,29,2150849
2012,1,30,2148754
2012,1,31,2124091
2012,1,32,2177586
2012,1,33,2034534
2012,1,34,1993628
2012,1,35,1969656
2012,1,36,1913284
2012,1,37,1977628
2012,1,38,1909168
2012,1,39,1934667
2012,1,40,2027113
2012,1,41,2145196
2012,1,42,2183944
2012,1,43,2067625
2012,1,44,2024705
2012,1,45,2022713
2012,1,46,2064075
2012,1,47,2189210
2012,1,48,2223568
2012,1,49,2220297
2012,1,50,2215498
2012,1,51,2239754
2012,1,52,2265929
2012,1,53,2183254
2012,1,54,2168516
2012,1,55,2139997
2012,1,56,2059164
2012,1,57,2040962
2012,1,58,1949424
2012,1,59,1873689
2012,1,60,1801249
2012,1,61,1740996
2012,1,62,1702808
2012,1,63,1650486
2012,1,64,1635093
2012,1,65,1705544
2012,1,66,1252879
2012,1,67,1231474
2012,1,68,1195722
2012,1,69,1221247
2012,1,70,1060015
2012,1,71,961908
2012,1,72,907894
2012,1,73,855507
2012,1,74,812693
2012,1,75,744422
2012,1,76,706329
2012,1,77,670628
2012,1,78,598983
2012,1,79,573200
2012,1,80,541941
2012,1,81,509869
2012,1,82,481506
2012,1,83,428143
2012,1,84,392498
2012,1,85,351909
2012,1,86,305927
2012,1,87,268803
2012,1,88,229296
2012,1,89,191703
2012,1,90,158312
2012,1,91,128197
2012,1,92,96761
2012,1,93,69018
2012,1,94,52976
2012,1,95,36519
2012,1,96,25458
2012,1,97,17619
2012,1,98,11631
2012,1,99,7438
2012,1,100,10995
2013,1,0,2009723
2013,1,1,2015723
2013,1,2,2042266
2013,1,3,2037080
2013,1,4,2036786
2013,1,5,2103606
2013,1,6,2115669
2013,1,7,2098702
2013,1,8,2090824
2013,1,9,2093577
2013,1,10,2077248
2013,1,11,2068627
2013,1,12,2121390
2013,1,13,2156778
2013,1,14,2120133
2013,1,15,2120554
2013,1,16,2124732
2013,1,17,2147890
2013,1,18,2202317
2013,1,19,2252503
2013,1,20,2293011
2013,1,21,2349719
2013,1,22,2382114
2013,1,23,2375526
2013,1,24,2280370
2013,1,25,2223785
2013,1,26,2184668
2013,1,27,2192738
2013,1,28,2204716
2013,1,29,2128019
2013,1,30,2158981
2013,1,31,2155665
2013,1,32,2130183
2013,1,33,2182397
2013,1,34,2038339
2013,1,35,1996920
2013,1,36,1971608
2013,1,37,1914850
2013,1,38,1978571
2013,1,39,1909770
2013,1,40,1934381
2013,1,41,2026212
2013,1,42,2143029
2013,1,43,2180536
2013,1,44,2063864
2013,1,45,2020098
2013,1,46,2017467
2013,1,47,2057945
2013,1,48,2181521
2013,1,49,2214626
2013,1,50,2209926
2013,1,51,2203729
2013,1,52,2226815
2013,1,53,2251960
2013,1,54,2168596
2013,1,55,2152468
2013,1,56,2122609
2013,1,57,2041380
2013,1,58,2022021
2013,1,59,1929868
2013,1,60,1853735
2013,1,61,1780760
2013,1,62,1719700
2013,1,63,1680534
2013,1,64,1627262
2013,1,65,1610777
2013,1,66,1678735
2013,1,67,1231442
2013,1,68,1208751
2013,1,69,1171554
2013,1,70,1194603
2013,1,71,1035021
2013,1,72,937172
2013,1,73,882397
2013,1,74,829198
2013,1,75,785326
2013,1,76,716910
2013,1,77,677682
2013,1,78,640661
2013,1,79,569368
2013,1,80,541973
2013,1,81,509094
2013,1,82,475493
2013,1,83,445431
2013,1,84,392390
2013,1,85,356145
2013,1,86,315860
2013,1,87,271248
2013,1,88,235278
2013,1,89,197825
2013,1,90,162950
2013,1,91,132138
2013,1,92,105242
2013,1,93,77739
2013,1,94,54512
2013,1,95,40871
2013,1,96,27473
2013,1,97,18699
2013,1,98,12642
2013,1,99,8125
2013,1,100,12081
2014,1,0,2024511
2014,1,1,2018511
2014,1,2,2023752
2014,1,3,2049250
2014,1,4,2043524
2014,1,5,2042790
2014,1,6,2109355
2014,1,7,2121426
2014,1,8,2104331
2014,1,9,2096379
2014,1,10,2099044
2014,1,11,2082837
2014,1,12,2074284
2014,1,13,2127295
2014,1,14,2163481
2014,1,15,2128005
2014,1,16,2129926
2014,1,17,2136674
2014,1,18,2162067
2014,1,19,2217880
2014,1,20,2266443
2014,1,21,2307026
2014,1,22,2365020
2014,1,23,2398094
2014,1,24,2389695
2014,1,25,2293154
2014,1,26,2236230
2014,1,27,2196861
2014,1,28,2203973
2014,1,29,2215152
2014,1,30,2137789
2014,1,31,2167380
2014,1,32,2162988
2014,1,33,2136230
2014,1,34,2187295
2014,1,35,2042247
2014,1,36,1999878
2014,1,37,1973855
2014,1,38,1916729
2014,1,39,1980094
2014,1,40,1910458
2014,1,41,1934049
2014,1,42,2025176
2014,1,43,2140743
2014,1,44,2177253
2014,1,45,2059693
2014,1,46,2015105
2014,1,47,2012086
2014,1,48,2051253
2014,1,49,2173307
2014,1,50,2204826
2014,1,51,2198637
2014,1,52,2191544
2014,1,53,2213244
2014,1,54,2237015
2014,1,55,2152616
2014,1,56,2134990
2014,1,57,2104109
2014,1,58,2022236
2014,1,59,2001946
2014,1,60,1909232
2014,1,61,1832255
2014,1,62,1758688
2014,1,63,1696966
2014,1,64,1657468
2014,1,65,1603525
2014,1,66,1585782
2014,1,67,1650800
2014,1,68,1208893
2014,1,69,1184909
2014,1,70,1146390
2014,1,71,1167386
2014,1,72,1009237
2014,1,73,911716
2014,1,74,856210
2014,1,75,802226
2014,1,76,757396
2014,1,77,688946
2014,1,78,648503
2014,1,79,610218
2014,1,80,539342
2014,1,81,510456
2014,1,82,476098
2014,1,83,441139
2014,1,84,409758
2014,1,85,357527
2014,1,86,321150
2014,1,87,281668
2014,1,88,238929
2014,1,89,204581
2014,1,90,169506
2014,1,91,137534
2014,1,92,109487
2014,1,93,85808
2014,1,94,61989
2014,1,95,42816
2014,1,96,31340
2014,1,97,20541
2014,1,98,13659
2014,1,99,9032
2014,1,100,13577
2015,1,0,2037646
2015,1,1,2033686
2015,1,2,2027455
2015,1,3,2031603
2015,1,4,2056372
2015,1,5,2050288
2015,1,6,2049274
2015,1,7,2115674
2015,1,8,2127652
2015,1,9,2110642
2015,1,10,2102623
2015,1,11,2105201
2015,1,12,2088989
2015,1,13,2080713
2015,1,14,2134488
2015,1,15,2171852
2015,1,16,2137757
2015,1,17,2142167
2015,1,18,2151946
2015,1,19,2178811
2015,1,20,2233230
2015,1,21,2282100
2015,1,22,2324231
2015,1,23,2382519
2015,1,24,2414497
2015,1,25,2404957
2015,1,26,2307814
2015,1,27,2250536
2015,1,28,2210803
2015,1,29,2217199
2015,1,30,2227196
2015,1,31,2149207
2015,1,32,2177670
2015,1,33,2171751
2015,1,34,2143768
2015,1,35,2193398
2015,1,36,2046984
2015,1,37,2003924
2015,1,38,1976958
2015,1,39,1919191
2015,1,40,1981646
2015,1,41,1911346
2015,1,42,1934047
2015,1,43,2024317
2015,1,44,2138819
2015,1,45,2173659
2015,1,46,2055220
2015,1,47,2010142
2015,1,48,2006144
2015,1,49,2044049
2015,1,50,2164211
2015,1,51,2194108
2015,1,52,2187019
2015,1,53,2178566
2015,1,54,2198470
2015,1,55,2220886
2015,1,56,2135476
2015,1,57,2116678
2015,1,58,2084670
2015,1,59,2001980
2015,1,60,1980585
2015,1,61,1887004
2015,1,62,1809531
2015,1,63,1735254
2015,1,64,1672968
2015,1,65,1633022
2015,1,66,1578179
2015,1,67,1558844
2015,1,68,1621002
2015,1,69,1184845
2015,1,70,1159351
2015,1,71,1119346
2015,1,72,1137525
2015,1,73,980959
2015,1,74,883882
2015,1,75,827643
2015,1,76,772943
2015,1,77,727116
2015,1,78,658552
2015,1,79,616966
2015,1,80,577443
2015,1,81,507160
2015,1,82,476741
2015,1,83,440956
2015,1,84,404993
2015,1,85,372726
2015,1,86,321832
2015,1,87,285851
2015,1,88,247708
2015,1,89,207332
2015,1,90,175047
2015,1,91,142774
2015,1,92,114011
2015,1,93,88959
2015,1,94,68568
2015,1,95,48328
2015,1,96,32923
2015,1,97,23470
2015,1,98,14974
2015,1,99,9716
2015,1,100,15140
2016,1,0,2021375
2016,1,1,2046917
2016,1,2,2042821
2016,1,3,2035822
2016,1,4,2039292
2016,1,5,2063743
2016,1,6,2057368
2016,1,7,2056162
2016,1,8,2122435
2016,1,9,2134371
2016,1,10,2117362
2016,1,11,2109229
2016,1,12,2111926
2016,1,13,2096018
2016,1,14,2088194
2016,1,15,2143008
2016,1,16,2181895
2016,1,17,2150433
2016,1,18,2157283
2016,1,19,2166851
2016,1,20,2192342
2016,1,21,2247247
2016,1,22,2298202
2016,1,23,2340787
2016,1,24,2397259
2016,1,25,2429189
2016,1,26,2418731
2016,1,27,2321256
2016,1,28,2263237
2016,1,29,2223146
2016,1,30,2228761
2016,1,31,2237451
2016,1,32,2158725
2016,1,33,2186077
2016,1,34,2178768
2016,1,35,2149440
2016,1,36,2197620
2016,1,37,2050259
2016,1,38,2006645
2016,1,39,1978902
2016,1,40,1920356
2016,1,41,1981958
2016,1,42,1911380
2016,1,43,1933036
2016,1,44,2022431
2016,1,45,2135071
2016,1,46,2168933
2016,1,47,2050041
2016,1,48,2004055
2016,1,49,1999132
2016,1,50,2035354
2016,1,51,2153938
2016,1,52,2182466
2016,1,53,2173868
2016,1,54,2164002
2016,1,55,2182301
2016,1,56,2203669
2016,1,57,2117206
2016,1,58,2097127
2016,1,59,2063789
2016,1,60,1980277
2016,1,61,1957574
2016,1,62,1863642
2016,1,63,1785455
2016,1,64,1710189
2016,1,65,1647666
2016,1,66,1607266
2016,1,67,1551600
2016,1,68,1530621
2016,1,69,1589376
2016,1,70,1159546
2016,1,71,1133067
2016,1,72,1091640
2016,1,73,1106903
2016,1,74,952149
2016,1,75,855489
2016,1,76,798554
2016,1,77,743149
2016,1,78,696231
2016,1,79,627670
2016,1,80,585017
2016,1,81,544272
2016,1,82,474652
2016,1,83,442897
2016,1,84,406077
2016,1,85,369517
2016,1,86,336780
2016,1,87,287642
2016,1,88,252468
2016,1,89,216017
2016,1,90,178266
2016,1,91,148319
2016,1,92,119003
2016,1,93,93480
2016,1,94,71427
2016,1,95,54153
2016,1,96,37137
2016,1,97,25023
2016,1,98,17342
2016,1,99,10752
2016,1,100,16818
2017,1,0,1991761
2017,1,1,2030158
2017,1,2,2055454
2017,1,3,2050601
2017,1,4,2042956
2017,1,5,2046169
2017,1,6,2070343
2017,1,7,2063821
2017,1,8,2062510
2017,1,9,2128762
2017,1,10,2140695
2017,1,11,2123508
2017,1,12,2115480
2017,1,13,2118463
2017,1,14,2102915
2017,1,15,2096137
2017,1,16,2152331
2017,1,17,2193641
2017,1,18,2164276
2017,1,19,2171262
2017,1,20,2178179
2017,1,21,2203473
2017,1,22,2260438
2017,1,23,2311190
2017,1,24,2352507
2017,1,25,2408439
2017,1,26,2440127
2017,1,27,2429026
2017,1,28,2330947
2017,1,29,2272664
2017,1,30,2232060
2017,1,31,2236927
2017,1,32,2244791
2017,1,33,2165132
2017,1,34,2191323
2017,1,35,2182394
2017,1,36,2151639
2017,1,37,2199204
2017,1,38,2051139
2017,1,39,2007158
2017,1,40,1978497
2017,1,41,1919588
2017,1,42,1980704
2017,1,43,1909671
2017,1,44,1930498
2017,1,45,2018318
2017,1,46,2129798
2017,1,47,2162731
2017,1,48,2043303
2017,1,49,1996817
2017,1,50,1990382
2017,1,51,2025426
2017,1,52,2142574
2017,1,53,2169029
2017,1,54,2159267
2017,1,55,2147855
2017,1,56,2164843
2017,1,57,2185083
2017,1,58,2097500
2017,1,59,2075620
2017,1,60,2040951
2017,1,61,1956852
2017,1,62,1933173
2017,1,63,1838568
2017,1,64,1759632
2017,1,65,1683898
2017,1,66,1621183
2017,1,67,1580214
2017,1,68,1523322
2017,1,69,1500466
2017,1,70,1555995
2017,1,71,1132830
2017,1,72,1104996
2017,1,73,1062058
2017,1,74,1074347
2017,1,75,921394
2017,1,76,825248
2017,1,77,767666
2017,1,78,711430
2017,1,79,663465
2017,1,80,594980
2017,1,81,551242
2017,1,82,509339
2017,1,83,440632
2017,1,84,407835
2017,1,85,370369
2017,1,86,333632
2017,1,87,300879
2017,1,88,253925
2017,1,89,220002
2017,1,90,185635
2017,1,91,150839
2017,1,92,123545
2017,1,93,97363
2017,1,94,75157
2017,1,95,56115
2017,1,96,41824
2017,1,97,27792
2017,1,98,18593
2017,1,99,12480
2017,1,100,18550
2018,1,0,1951663
2018,1,1,1999022
2018,1,2,2037249
2018,1,3,2061889
2018,1,4,2056431
2018,1,5,2048510
2018,1,6,2051501
2018,1,7,2075612
2018,1,8,2069100
2018,1,9,2067901
2018,1,10,2134236
2018,1,11,2145916
2018,1,12,2128762
2018,1,13,2120973
2018,1,14,2124277
2018,1,15,2109588
2018,1,16,2103902
2018,1,17,2161972
2018,1,18,2205183
2018,1,19,2175318
2018,1,20,2179409
2018,1,21,2186075
2018,1,22,2212466
2018,1,23,2269410
2018,1,24,2318805
2018,1,25,2359458
2018,1,26,2415263
2018,1,27,2446459
2018,1,28,2434758
2018,1,29,2336570
2018,1,30,2277708
2018,1,31,2236508
2018,1,32,2240956
2018,1,33,2247904
2018,1,34,2167258
2018,1,35,2192085
2018,1,36,2182407
2018,1,37,2151197
2018,1,38,2197885
2018,1,39,2049702
2018,1,40,2004896
2018,1,41,1975977
2018,1,42,1916967
2018,1,43,1977480
2018,1,44,1905847
2018,1,45,1925464
2018,1,46,2012115
2018,1,47,2122718
2018,1,48,2154737
2018,1,49,2035020
2018,1,50,1987438
2018,1,51,1979853
2018,1,52,2013976
2018,1,53,2129225
2018,1,54,2154027
2018,1,55,2142691
2018,1,56,2130204
2018,1,57,2145834
2018,1,58,2164372
2018,1,59,2075698
2018,1,60,2052288
2018,1,61,2016414
2018,1,62,1931909
2018,1,63,1906756
2018,1,64,1811445
2018,1,65,1731971
2018,1,66,1656119
2018,1,67,1593070
2018,1,68,1550966
2018,1,69,1493081
2018,1,70,1468761
2018,1,71,1520591
2018,1,72,1104474
2018,1,73,1075270
2018,1,74,1031059
2018,1,75,1039916
2018,1,76,888872
2018,1,77,793433
2018,1,78,735169
2018,1,79,678228
2018,1,80,629215
2018,1,81,560929
2018,1,82,516271
2018,1,83,473211
2018,1,84,405936
2018,1,85,372486
2018,1,86,334727
2018,1,87,298364
2018,1,88,266018
2018,1,89,221622
2018,1,90,189376
2018,1,91,157406
2018,1,92,125813
2018,1,93,101321
2018,1,94,78393
2018,1,95,59318
2018,1,96,43250
2018,1,97,31616
2018,1,98,20350
2018,1,99,13608
2018,1,100,20885
2019,1,0,1935117
2019,1,1,1958585
2019,1,2,2005544
2019,1,3,2043010
2019,1,4,2066951
2019,1,5,2061200
2019,1,6,2052956
2019,1,7,2055735
2019,1,8,2079723
2019,1,9,2073148
2019,1,10,2071778
2019,1,11,2138037
2019,1,12,2149819
2019,1,13,2132987
2019,1,14,2125640
2019,1,15,2129720
2019,1,16,2116165
2019,1,17,2112553
2019,1,18,2172385
2019,1,19,2214784
2019,1,20,2183139
2019,1,21,2187086
2019,1,22,2195296
2019,1,23,2221758
2019,1,24,2277473
2019,1,25,2325853
2019,1,26,2365886
2019,1,27,2421270
2019,1,28,2451756
2019,1,29,2439805
2019,1,30,2340865
2019,1,31,2281327
2019,1,32,2239886
2019,1,33,2243280
2019,1,34,2249252
2019,1,35,2167622
2019,1,36,2191368
2019,1,37,2181162
2019,1,38,2149359
2019,1,39,2195430
2019,1,40,2046663
2019,1,41,2001502
2019,1,42,1972584
2019,1,43,1913289
2019,1,44,1973101
2019,1,45,1900492
2019,1,46,1919298
2019,1,47,2005221
2019,1,48,2114614
2019,1,49,2145730
2019,1,50,2025376
2019,1,51,1976883
2019,1,52,1968619
2019,1,53,2001325
2019,1,54,2114408
2019,1,55,2137586
2019,1,56,2125123
2019,1,57,2111795
2019,1,58,2125774
2019,1,59,2142211
2019,1,60,2052677
2019,1,61,2027951
2019,1,62,1991220
2019,1,63,1905842
2019,1,64,1879040
2019,1,65,1783428
2019,1,66,1703888
2019,1,67,1627863
2019,1,68,1564129
2019,1,69,1520465
2019,1,70,1462120
2019,1,71,1435378
2019,1,72,1483236
2019,1,73,1074771
2019,1,74,1044301
2019,1,75,998390
2019,1,76,1003690
2019,1,77,854930
2019,1,78,760170
2019,1,79,701319
2019,1,80,643638
2019,1,81,593628
2019,1,82,525766
2019,1,83,480165
2019,1,84,436527
2019,1,85,371082
2019,1,86,337306
2019,1,87,299845
2019,1,88,264191
2019,1,89,232649
2019,1,90,191220
2019,1,91,160941
2019,1,92,131684
2019,1,93,103415
2019,1,94,81893
2019,1,95,61994
2019,1,96,46046
2019,1,97,32611
2019,1,98,23543
2019,1,99,14596
2019,1,100,23472
2020,1,0,2102189
2020,1,1,2100360
2020,1,2,2097112
2020,1,3,2091902
2020,1,4,2054096
2020,1,5,2063363
2020,1,6,2063679
2020,1,7,2054973
2020,1,8,2058612
2020,1,9,2084504
2020,1,10,2079929
2020,1,11,2080040
2020,1,12,2146156
2020,1,13,2157378
2020,1,14,2140262
2020,1,15,2133813
2020,1,16,2140320
2020,1,17,2130786
2020,1,18,2131894
2020,1,19,2195610
2020,1,20,2242675
2020,1,21,2218476
2020,1,22,2229057
2020,1,23,2240878
2020,1,24,2267859
2020,1,25,2321388
2020,1,26,2367942
2020,1,27,2404154
2020,1,28,2454979
2020,1,29,2480686
2020,1,30,2465243
2020,1,31,2364878
2020,1,32,2302458
2020,1,33,2257593
2020,1,34,2258915
2020,1,35,2262610
2020,1,36,2178960
2020,1,37,2200934
2020,1,38,2189781
2020,1,39,2158128
2020,1,40,2202300
2020,1,41,2055044
2020,1,42,2009503
2020,1,43,1980179
2020,1,44,1921205
2020,1,45,1980646
2020,1,46,1908909
2020,1,47,1928047
2020,1,48,2011821
2020,1,49,2117866
2020,1,50,2145443
2020,1,51,2024796
2020,1,52,1974895
2020,1,53,1966129
2020,1,54,1998238
2020,1,55,2110028
2020,1,56,2134332
2020,1,57,2122487
2020,1,58,2109282
2020,1,59,2122682
2020,1,60,2136758
2020,1,61,2048182
2020,1,62,2023139
2020,1,63,1984908
2020,1,64,1898938
2020,1,65,1869702
2020,1,66,1773092
2020,1,67,1691028
2020,1,68,1612521
2020,1,69,1545546
2020,1,70,1496977
2020,1,71,1436669
2020,1,72,1406262
2020,1,73,1447718
2020,1,74,1049359
2020,1,75,1015699
2020,1,76,968327
2020,1,77,968719
2020,1,78,822454
2020,1,79,727238
2020,1,80,667277
2020,1,81,608618
2020,1,82,557060
2020,1,83,489278
2020,1,84,442517
2020,1,85,398129
2020,1,86,335097
2020,1,87,300798
2020,1,88,264628
2020,1,89,230220
2020,1,90,199686
2020,1,91,161567
2020,1,92,133607
2020,1,93,107082
2020,1,94,82342
2020,1,95,63487
2020,1,96,46923
2020,1,97,33760
2020,1,98,23474
2020,1,99,16131
2020,1,100,21155
2021,1,0,2109516
2021,1,1,2109411
2021,1,2,2107495
2021,1,3,2103092
2021,1,4,2097169
2021,1,5,2058864
2021,1,6,2068399
2021,1,7,2069053
2021,1,8,2060846
2021,1,9,2064823
2021,1,10,2090786
2021,1,11,2086025
2021,1,12,2086060
2021,1,13,2152162
2021,1,14,2163706
2021,1,15,2147951
2021,1,16,2143698
2021,1,17,2153058
2021,1,18,2146354
2021,1,19,2149377
2021,1,20,2213980
2021,1,21,2261328
2021,1,22,2237206
2021,1,23,2247218
2021,1,24,2258485
2021,1,25,2284716
2021,1,26,2337334
2021,1,27,2382925
2021,1,28,2418305
2021,1,29,2468187
2021,1,30,2492879
2021,1,31,2475924
2021,1,32,2374472
2021,1,33,2310481
2021,1,34,2264688
2021,1,35,2264942
2021,1,36,2267328
2021,1,37,2182505
2021,1,38,2203580
2021,1,39,2191548
2021,1,40,2159123
2021,1,41,2202299
2021,1,42,2055173
2021,1,43,2009335
2021,1,44,1979844
2021,1,45,1920490
2021,1,46,1978696
2021,1,47,1905921
2021,1,48,1923469
2021,1,49,2005393
2021,1,50,2109595
2021,1,51,2135829
2021,1,52,2015284
2021,1,53,1964870
2021,1,54,1955587
2021,1,55,1986724
2021,1,56,2096827
2021,1,57,2120001
2021,1,58,2107069
2021,1,59,2092692
2021,1,60,2104582
2021,1,61,2116952
2021,1,62,2027642
2021,1,63,2001121
2021,1,64,1961395
2021,1,65,1874533
2021,1,66,1843460
2021,1,67,1746206
2021,1,68,1663122
2021,1,69,1583548
2021,1,70,1515287
2021,1,71,1464762
2021,1,72,1402941
2021,1,73,1369985
2021,1,74,1406801
2021,1,75,1017093
2021,1,76,981448
2021,1,77,932505
2021,1,78,929123
2021,1,79,785402
2021,1,80,690851
2021,1,81,630154
2021,1,82,570814
2021,1,83,518404
2021,1,84,451409
2021,1,85,404433
2021,1,86,360302
2021,1,87,300061
2021,1,88,266264
2021,1,89,231308
2021,1,90,198450
2021,1,91,169551
2021,1,92,134959
2021,1,93,109662
2021,1,94,86255
2021,1,95,64997
2021,1,96,49053
2021,1,97,35435
2021,1,98,24893
2021,1,99,16886
2021,1,100,23333
2002,2,0,1932939
2002,2,1,1960195
2002,2,2,1883190
2002,2,3,1859439
2002,2,4,1861887
2002,2,5,1876401
2002,2,6,1911028
2002,2,7,1943048
2002,2,8,1962016
2002,2,9,2007242
2002,2,10,2072652
2002,2,11,2095934
2002,2,12,2134909
2002,2,13,2052880
2002,2,14,2015047
2002,2,15,1996259
2002,2,16,2004322
2002,2,17,2007233
2002,2,18,1971434
2002,2,19,2002631
2002,2,20,2018607
2002,2,21,2051942
2002,2,22,2036887
2002,2,23,1931984
2002,2,24,1876825
2002,2,25,1862425
2002,2,26,1813125
2002,2,27,1876960
2002,2,28,1824836
2002,2,29,1871240
2002,2,30,1981699
2002,2,31,2098098
2002,2,32,2146046
2002,2,33,2036914
2002,2,34,2007436
2002,2,35,2024887
2002,2,36,2083908
2002,2,37,2230362
2002,2,38,2280768
2002,2,39,2283521
2002,2,40,2291233
2002,2,41,2326545
2002,2,42,2360011
2002,2,43,2279943
2002,2,44,2278277
2002,2,45,2260411
2002,2,46,2180913
2002,2,47,2189603
2002,2,48,2107972
2002,2,49,2046892
2002,2,50,1978124
2002,2,51,1939473
2002,2,52,1930904
2002,2,53,1867431
2002,2,54,1855880
2002,2,55,1940351
2002,2,56,1463840
2002,2,57,1459583
2002,2,58,1444145
2002,2,59,1494071
2002,2,60,1323400
2002,2,61,1238720
2002,2,62,1207560
2002,2,63,1150553
2002,2,64,1131435
2002,2,65,1073097
2002,2,66,1058192
2002,2,67,1064068
2002,2,68,981106
2002,2,69,987351
2002,2,70,978995
2002,2,71,979452
2002,2,72,997815
2002,2,73,948338
2002,2,74,948244
2002,2,75,924736
2002,2,76,899159
2002,2,77,893289
2002,2,78,852413
2002,2,79,799095
2002,2,80,769357
2002,2,81,725072
2002,2,82,672556
2002,2,83,582764
2002,2,84,545663
2002,2,85,479823
2002,2,86,436344
2002,2,87,396362
2002,2,88,345082
2002,2,89,297066
2002,2,90,245523
2002,2,91,206104
2002,2,92,167818
2002,2,93,130217
2002,2,94,104971
2002,2,95,77910
2002,2,96,57814
2002,2,97,42398
2002,2,98,29751
2002,2,99,21515
2002,2,100,38748
2003,2,0,1942634
2003,2,1,1926719
2003,2,2,1959311
2003,2,3,1885740
2003,2,4,1864923
2003,2,5,1867683
2003,2,6,1877108
2003,2,7,1916822
2003,2,8,1946758
2003,2,9,1972876
2003,2,10,2049649
2003,2,11,2077602
2003,2,12,2114378
2003,2,13,2144999
2003,2,14,2058247
2003,2,15,2032351
2003,2,16,2012581
2003,2,17,2015547
2003,2,18,2032257
2003,2,19,1993831
2003,2,20,2010652
2003,2,21,2031746
2003,2,22,2057360
2003,2,23,2048153
2003,2,24,1945812
2003,2,25,1898603
2003,2,26,1870192
2003,2,27,1831742
2003,2,28,1882450
2003,2,29,1824117
2003,2,30,1894832
2003,2,31,1979254
2003,2,32,2120394
2003,2,33,2154626
2003,2,34,2044712
2003,2,35,2018457
2003,2,36,2031827
2003,2,37,2087581
2003,2,38,2236167
2003,2,39,2286069
2003,2,40,2285662
2003,2,41,2296230
2003,2,42,2326876
2003,2,43,2363514
2003,2,44,2274320
2003,2,45,2275557
2003,2,46,2262137
2003,2,47,2183207
2003,2,48,2186886
2003,2,49,2109478
2003,2,50,2041746
2003,2,51,1982259
2003,2,52,1935134
2003,2,53,1931805
2003,2,54,1868710
2003,2,55,1848350
2003,2,56,1941139
2003,2,57,1458769
2003,2,58,1456110
2003,2,59,1437588
2003,2,60,1481214
2003,2,61,1322858
2003,2,62,1232608
2003,2,63,1201532
2003,2,64,1139251
2003,2,65,1124059
2003,2,66,1062639
2003,2,67,1048005
2003,2,68,1051571
2003,2,69,967432
2003,2,70,969166
2003,2,71,964958
2003,2,72,959437
2003,2,73,977035
2003,2,74,923900
2003,2,75,919089
2003,2,76,899842
2003,2,77,868089
2003,2,78,861328
2003,2,79,817634
2003,2,80,760319
2003,2,81,732492
2003,2,82,683447
2003,2,83,630578
2003,2,84,540339
2003,2,85,501555
2003,2,86,437102
2003,2,87,393262
2003,2,88,351340
2003,2,89,302029
2003,2,90,253057
2003,2,91,207858
2003,2,92,171391
2003,2,93,134899
2003,2,94,103191
2003,2,95,80986
2003,2,96,58594
2003,2,97,42364
2003,2,98,30126
2003,2,99,21397
2003,2,100,38824
2004,2,0,1962216
2004,2,1,1932894
2004,2,2,1925324
2004,2,3,1962287
2004,2,4,1892670
2004,2,5,1871767
2004,2,6,1867533
2004,2,7,1883869
2004,2,8,1920442
2004,2,9,1959620
2004,2,10,2026099
2004,2,11,2050854
2004,2,12,2097086
2004,2,13,2122487
2004,2,14,2147180
2004,2,15,2076760
2004,2,16,2048548
2004,2,17,2021150
2004,2,18,2041748
2004,2,19,2054587
2004,2,20,1998909
2004,2,21,2024168
2004,2,22,2035635
2004,2,23,2069230
2004,2,24,2062699
2004,2,25,1970554
2004,2,26,1904276
2004,2,27,1890889
2004,2,28,1835016
2004,2,29,1878345
2004,2,30,1853220
2004,2,31,1889889
2004,2,32,2006472
2004,2,33,2129110
2004,2,34,2162454
2004,2,35,2057123
2004,2,36,2025428
2004,2,37,2034825
2004,2,38,2093890
2004,2,39,2242054
2004,2,40,2287941
2004,2,41,2291770
2004,2,42,2296066
2004,2,43,2331007
2004,2,44,2355630
2004,2,45,2271294
2004,2,46,2278419
2004,2,47,2265496
2004,2,48,2179769
2004,2,49,2189528
2004,2,50,2102958
2004,2,51,2048324
2004,2,52,1976684
2004,2,53,1937112
2004,2,54,1934545
2004,2,55,1859415
2004,2,56,1850723
2004,2,57,1933353
2004,2,58,1455355
2004,2,59,1449103
2004,2,60,1423305
2004,2,61,1482907
2004,2,62,1316213
2004,2,63,1226632
2004,2,64,1188741
2004,2,65,1132615
2004,2,66,1112641
2004,2,67,1052462
2004,2,68,1035666
2004,2,69,1037034
2004,2,70,948585
2004,2,71,956125
2004,2,72,944588
2004,2,73,939444
2004,2,74,951203
2004,2,75,894247
2004,2,76,895466
2004,2,77,868370
2004,2,78,837128
2004,2,79,826108
2004,2,80,777143
2004,2,81,724777
2004,2,82,689937
2004,2,83,641326
2004,2,84,584240
2004,2,85,496338
2004,2,86,457683
2004,2,87,393874
2004,2,88,348396
2004,2,89,307706
2004,2,90,256357
2004,2,91,214816
2004,2,92,173060
2004,2,93,137483
2004,2,94,107065
2004,2,95,79542
2004,2,96,61009
2004,2,97,42901
2004,2,98,29967
2004,2,99,21735
2004,2,100,38652
2005,2,0,1956682
2005,2,1,1950494
2005,2,2,1932337
2005,2,3,1930395
2005,2,4,1971897
2005,2,5,1901483
2005,2,6,1871697
2005,2,7,1876179
2005,2,8,1888355
2005,2,9,1936186
2005,2,10,2024518
2005,2,11,2024711
2005,2,12,2072265
2005,2,13,2104267
2005,2,14,2122621
2005,2,15,2168521
2005,2,16,2094194
2005,2,17,2055847
2005,2,18,2050714
2005,2,19,2065513
2005,2,20,2055521
2005,2,21,2011168
2005,2,22,2024927
2005,2,23,2046870
2005,2,24,2084320
2005,2,25,2090577
2005,2,26,1973649
2005,2,27,1927615
2005,2,28,1891577
2005,2,29,1829126
2005,2,30,1914556
2005,2,31,1845744
2005,2,32,1921927
2005,2,33,2015588
2005,2,34,2137339
2005,2,35,2176855
2005,2,36,2064403
2005,2,37,2028122
2005,2,38,2041731
2005,2,39,2100509
2005,2,40,2244129
2005,2,41,2295371
2005,2,42,2291530
2005,2,43,2301346
2005,2,44,2321347
2005,2,45,2352677
2005,2,46,2276013
2005,2,47,2283353
2005,2,48,2261293
2005,2,49,2183752
2005,2,50,2181791
2005,2,51,2112391
2005,2,52,2041805
2005,2,53,1980116
2005,2,54,1941338
2005,2,55,1923637
2005,2,56,1863943
2005,2,57,1842786
2005,2,58,1929365
2005,2,59,1448128
2005,2,60,1433435
2005,2,61,1428216
2005,2,62,1475790
2005,2,63,1310319
2005,2,64,1212791
2005,2,65,1183371
2005,2,66,1121292
2005,2,67,1102944
2005,2,68,1040489
2005,2,69,1021404
2005,2,70,1016272
2005,2,71,937061
2005,2,72,935793
2005,2,73,925511
2005,2,74,914432
2005,2,75,920144
2005,2,76,872922
2005,2,77,864332
2005,2,78,838488
2005,2,79,803370
2005,2,80,785122
2005,2,81,742630
2005,2,82,683339
2005,2,83,648391
2005,2,84,595097
2005,2,85,537386
2005,2,86,454007
2005,2,87,414237
2005,2,88,349221
2005,2,89,306119
2005,2,90,261250
2005,2,91,218723
2005,2,92,180091
2005,2,93,139000
2005,2,94,109853
2005,2,95,82962
2005,2,96,60297
2005,2,97,45052
2005,2,98,30463
2005,2,99,21859
2005,2,100,38935
2006,2,0,1975919
2006,2,1,1942541
2006,2,2,1950420
2006,2,3,1939447
2006,2,4,1942684
2006,2,5,1982961
2006,2,6,1901451
2006,2,7,1882266
2006,2,8,1881597
2006,2,9,1906898
2006,2,10,2012412
2006,2,11,2020446
2006,2,12,2048001
2006,2,13,2078526
2006,2,14,2102559
2006,2,15,2146323
2006,2,16,2187586
2006,2,17,2100214
2006,2,18,2088493
2006,2,19,2074677
2006,2,20,2063126
2006,2,21,2067384
2006,2,22,2009498
2006,2,23,2036060
2006,2,24,2062716
2006,2,25,2115632
2006,2,26,2090828
2006,2,27,1999674
2006,2,28,1925997
2006,2,29,1882291
2006,2,30,1870844
2006,2,31,1903298
2006,2,32,1882413
2006,2,33,1931252
2006,2,34,2024111
2006,2,35,2153617
2006,2,36,2184485
2006,2,37,2066577
2006,2,38,2035923
2006,2,39,2048846
2006,2,40,2102820
2006,2,41,2252637
2006,2,42,2294736
2006,2,43,2297856
2006,2,44,2290114
2006,2,45,2318320
2006,2,46,2359182
2006,2,47,2282479
2006,2,48,2278808
2006,2,49,2266666
2006,2,50,2175011
2006,2,51,2194302
2006,2,52,2104762
2006,2,53,2046556
2006,2,54,1985489
2006,2,55,1928603
2006,2,56,1930335
2006,2,57,1855370
2006,2,58,1839667
2006,2,59,1919090
2006,2,60,1430756
2006,2,61,1441590
2006,2,62,1422085
2006,2,63,1469890
2006,2,64,1294668
2006,2,65,1208196
2006,2,66,1171707
2006,2,67,1112106
2006,2,68,1090864
2006,2,69,1026329
2006,2,70,1000140
2006,2,71,1005603
2006,2,72,917086
2006,2,73,917734
2006,2,74,900873
2006,2,75,884121
2006,2,76,900407
2006,2,77,842943
2006,2,78,835874
2006,2,79,805791
2006,2,80,763565
2006,2,81,752401
2006,2,82,701199
2006,2,83,643892
2006,2,84,602492
2006,2,85,549009
2006,2,86,493290
2006,2,87,412508
2006,2,88,368901
2006,2,89,307962
2006,2,90,260384
2006,2,91,224701
2006,2,92,184701
2006,2,93,145440
2006,2,94,111982
2006,2,95,85922
2006,2,96,63511
2006,2,97,44967
2006,2,98,32321
2006,2,99,22450
2006,2,100,39490
2007,2,0,2027181
2007,2,1,1958096
2007,2,2,1942309
2007,2,3,1958867
2007,2,4,1953816
2007,2,5,1955007
2007,2,6,1981981
2007,2,7,1913487
2007,2,8,1887870
2007,2,9,1902338
2007,2,10,1992946
2007,2,11,2005151
2007,2,12,2044995
2007,2,13,2052707
2007,2,14,2074283
2007,2,15,2127798
2007,2,16,2165619
2007,2,17,2191076
2007,2,18,2135140
2007,2,19,2111693
2007,2,20,2067209
2007,2,21,2072600
2007,2,22,2060669
2007,2,23,2018612
2007,2,24,2051073
2007,2,25,2094993
2007,2,26,2111654
2007,2,27,2118406
2007,2,28,1992509
2007,2,29,1911697
2007,2,30,1929353
2007,2,31,1855504
2007,2,32,1944828
2007,2,33,1890567
2007,2,34,1939082
2007,2,35,2040888
2007,2,36,2160312
2007,2,37,2184832
2007,2,38,2074052
2007,2,39,2042755
2007,2,40,2050266
2007,2,41,2111306
2007,2,42,2251520
2007,2,43,2301759
2007,2,44,2284312
2007,2,45,2286767
2007,2,46,2325773
2007,2,47,2367220
2007,2,48,2277094
2007,2,49,2285359
2007,2,50,2256393
2007,2,51,2189912
2007,2,52,2185395
2007,2,53,2110678
2007,2,54,2053371
2007,2,55,1970420
2007,2,56,1936853
2007,2,57,1920539
2007,2,58,1852510
2007,2,59,1829151
2007,2,60,1893411
2007,2,61,1441286
2007,2,62,1435809
2007,2,63,1417309
2007,2,64,1451383
2007,2,65,1290637
2007,2,66,1195702
2007,2,67,1162703
2007,2,68,1099908
2007,2,69,1075855
2007,2,70,1003987
2007,2,71,990705
2007,2,72,983890
2007,2,73,899567
2007,2,74,892848
2007,2,75,870058
2007,2,76,866442
2007,2,77,869410
2007,2,78,815742
2007,2,79,803572
2007,2,80,765528
2007,2,81,732857
2007,2,82,710665
2007,2,83,661644
2007,2,84,598573
2007,2,85,556007
2007,2,86,505292
2007,2,87,449099
2007,2,88,367595
2007,2,89,326722
2007,2,90,261169
2007,2,91,224933
2007,2,92,190722
2007,2,93,149037
2007,2,94,117872
2007,2,95,87778
2007,2,96,66117
2007,2,97,47563
2007,2,98,32305
2007,2,99,23934
2007,2,100,40164
2008,2,0,2022889
2008,2,1,2005602
2008,2,2,1957878
2008,2,3,1952383
2008,2,4,1975431
2008,2,5,1968133
2008,2,6,1953618
2008,2,7,1995829
2008,2,8,1919626
2008,2,9,1911282
2008,2,10,1999441
2008,2,11,1982889
2008,2,12,2031304
2008,2,13,2048464
2008,2,14,2046376
2008,2,15,2101218
2008,2,16,2147828
2008,2,17,2167548
2008,2,18,2230353
2008,2,19,2158201
2008,2,20,2099954
2008,2,21,2075396
2008,2,22,2062511
2008,2,23,2068397
2008,2,24,2033308
2008,2,25,2084941
2008,2,26,2087875
2008,2,27,2141001
2008,2,28,2106335
2008,2,29,1973380
2008,2,30,1964887
2008,2,31,1909543
2008,2,32,1900958
2008,2,33,1952623
2008,2,34,1897868
2008,2,35,1956588
2008,2,36,2047585
2008,2,37,2159900
2008,2,38,2192623
2008,2,39,2081113
2008,2,40,2043855
2008,2,41,2058913
2008,2,42,2109888
2008,2,43,2259139
2008,2,44,2286129
2008,2,45,2280805
2008,2,46,2295486
2008,2,47,2334953
2008,2,48,2360935
2008,2,49,2284804
2008,2,50,2273904
2008,2,51,2274367
2008,2,52,2179899
2008,2,53,2192990
2008,2,54,2119393
2008,2,55,2035932
2008,2,56,1980548
2008,2,57,1926122
2008,2,58,1918225
2008,2,59,1841411
2008,2,60,1802265
2008,2,61,1911784
2008,2,62,1435908
2008,2,63,1431620
2008,2,64,1397948
2008,2,65,1448356
2008,2,66,1277374
2008,2,67,1186870
2008,2,68,1150404
2008,2,69,1084904
2008,2,70,1051554
2008,2,71,995703
2008,2,72,968816
2008,2,73,965653
2008,2,74,874610
2008,2,75,861340
2008,2,76,854043
2008,2,77,836424
2008,2,78,842232
2008,2,79,784458
2008,2,80,762902
2008,2,81,736191
2008,2,82,692151
2008,2,83,671398
2008,2,84,615304
2008,2,85,552900
2008,2,86,512429
2008,2,87,461487
2008,2,88,399902
2008,2,89,326264
2008,2,90,277185
2008,2,91,226144
2008,2,92,191746
2008,2,93,153935
2008,2,94,121080
2008,2,95,92829
2008,2,96,67705
2008,2,97,49770
2008,2,98,34174
2008,2,99,24011
2008,2,100,41465
2009,2,0,1959169
2009,2,1,1997919
2009,2,2,2005270
2009,2,3,1969393
2009,2,4,1970678
2009,2,5,1991556
2009,2,6,1966642
2009,2,7,1968502
2009,2,8,2002104
2009,2,9,1945940
2009,2,10,2019572
2009,2,11,1986140
2009,2,12,2010144
2009,2,13,2033250
2009,2,14,2039626
2009,2,15,2074716
2009,2,16,2121530
2009,2,17,2147758
2009,2,18,2208513
2009,2,19,2252054
2009,2,20,2141586
2009,2,21,2106392
2009,2,22,2060876
2009,2,23,2068493
2009,2,24,2082066
2009,2,25,2068547
2009,2,26,2074481
2009,2,27,2118250
2009,2,28,2124289
2009,2,29,2081304
2009,2,30,2033069
2009,2,31,1940091
2009,2,32,1960227
2009,2,33,1907798
2009,2,34,1959374
2009,2,35,1915747
2009,2,36,1962556
2009,2,37,2046428
2009,2,38,2167821
2009,2,39,2199617
2009,2,40,2081313
2009,2,41,2052619
2009,2,42,2056603
2009,2,43,2117558
2009,2,44,2241348
2009,2,45,2282194
2009,2,46,2290719
2009,2,47,2305711
2009,2,48,2327859
2009,2,49,2370091
2009,2,50,2271859
2009,2,51,2294505
2009,2,52,2262914
2009,2,53,2188666
2009,2,54,2203336
2009,2,55,2099236
2009,2,56,2048144
2009,2,57,1968595
2009,2,58,1924101
2009,2,59,1906141
2009,2,60,1811564
2009,2,61,1823104
2009,2,62,1905712
2009,2,63,1432316
2009,2,64,1410628
2009,2,65,1396005
2009,2,66,1433620
2009,2,67,1268698
2009,2,68,1174695
2009,2,69,1134860
2009,2,70,1059376
2009,2,71,1044260
2009,2,72,973444
2009,2,73,951400
2009,2,74,938799
2009,2,75,842856
2009,2,76,847071
2009,2,77,824353
2009,2,78,810924
2009,2,79,810576
2009,2,80,744268
2009,2,81,735205
2009,2,82,695764
2009,2,83,654726
2009,2,84,624897
2009,2,85,569154
2009,2,86,510860
2009,2,87,469029
2009,2,88,411852
2009,2,89,355894
2009,2,90,276668
2009,2,91,241967
2009,2,92,193442
2009,2,93,155012
2009,2,94,125806
2009,2,95,95624
2009,2,96,72182
2009,2,97,51151
2009,2,98,35881
2009,2,99,25068
2009,2,100,42364
2010,2,0,1932956
2010,2,1,1937495
2010,2,2,2002076
2010,2,3,2010539
2010,2,4,1993132
2010,2,5,1988040
2010,2,6,1993539
2010,2,7,1979890
2010,2,8,1971115
2010,2,9,2018346
2010,2,10,2044855
2010,2,11,2010658
2010,2,12,2009612
2010,2,13,2014653
2010,2,14,2022622
2010,2,15,2060501
2010,2,16,2098149
2010,2,17,2123434
2010,2,18,2184954
2010,2,19,2236167
2010,2,20,2236375
2010,2,21,2146584
2010,2,22,2098444
2010,2,23,2065801
2010,2,24,2082012
2010,2,25,2111998
2010,2,26,2058239
2010,2,27,2101693
2010,2,28,2112375
2010,2,29,2097821
2010,2,30,2136630
2010,2,31,2015943
2010,2,32,1981232
2010,2,33,1969714
2010,2,34,1913256
2010,2,35,1973470
2010,2,36,1922593
2010,2,37,1961993
2010,2,38,2051930
2010,2,39,2175458
2010,2,40,2197656
2010,2,41,2089295
2010,2,42,2050698
2010,2,43,2062581
2010,2,44,2103666
2010,2,45,2236398
2010,2,46,2290687
2010,2,47,2297297
2010,2,48,2299123
2010,2,49,2336396
2010,2,50,2355083
2010,2,51,2288964
2010,2,52,2283218
2010,2,53,2268280
2010,2,54,2196617
2010,2,55,2183541
2010,2,56,2108518
2010,2,57,2036365
2010,2,58,1963601
2010,2,59,1914635
2010,2,60,1874346
2010,2,61,1828592
2010,2,62,1815901
2010,2,63,1898165
2010,2,64,1414128
2010,2,65,1405733
2010,2,66,1381470
2010,2,67,1423499
2010,2,68,1254056
2010,2,69,1161010
2010,2,70,1108455
2010,2,71,1050293
2010,2,72,1021235
2010,2,73,955622
2010,2,74,927131
2010,2,75,906202
2010,2,76,828133
2010,2,77,818297
2010,2,78,799415
2010,2,79,781047
2010,2,80,770516
2010,2,81,716517
2010,2,82,695493
2010,2,83,658352
2010,2,84,611246
2010,2,85,577265
2010,2,86,526093
2010,2,87,467538
2010,2,88,420412
2010,2,89,365740
2010,2,90,306968
2010,2,91,240204
2010,2,92,205436
2010,2,93,158944
2010,2,94,127021
2010,2,95,99410
2010,2,96,75200
2010,2,97,54165
2010,2,98,37567
2010,2,99,26098
2010,2,100,45080
2011,2,0,1934662
2011,2,1,1940953
2011,2,2,1944262
2011,2,3,2007855
2011,2,4,2015652
2011,2,5,1998032
2011,2,6,1993056
2011,2,7,1998703
2011,2,8,1985022
2011,2,9,1976329
2011,2,10,2023700
2011,2,11,2050346
2011,2,12,2016274
2011,2,13,2015188
2011,2,14,2020511
2011,2,15,2029232
2011,2,16,2068223
2011,2,17,2108044
2011,2,18,2135439
2011,2,19,2198074
2011,2,20,2249479
2011,2,21,2249762
2011,2,22,2160911
2011,2,23,2113845
2011,2,24,2081610
2011,2,25,2098160
2011,2,26,2127121
2011,2,27,2072215
2011,2,28,2114658
2011,2,29,2123762
2011,2,30,2107849
2011,2,31,2145409
2011,2,32,2023524
2011,2,33,1987958
2011,2,34,1975827
2011,2,35,1918802
2011,2,36,1978063
2011,2,37,1926500
2011,2,38,1965266
2011,2,39,2054401
2011,2,40,2177053
2011,2,41,2198606
2011,2,42,2089536
2011,2,43,2050420
2011,2,44,2061964
2011,2,45,2102341
2011,2,46,2234112
2011,2,47,2287490
2011,2,48,2293361
2011,2,49,2294419
2011,2,50,2330745
2011,2,51,2348894
2011,2,52,2282146
2011,2,53,2275881
2011,2,54,2260319
2011,2,55,2188106
2011,2,56,2174752
2011,2,57,2099226
2011,2,58,2026802
2011,2,59,1953600
2011,2,60,1904344
2011,2,61,1863365
2011,2,62,1816309
2011,2,63,1802270
2011,2,64,1882604
2011,2,65,1401714
2011,2,66,1392310
2011,2,67,1366682
2011,2,68,1406762
2011,2,69,1237782
2011,2,70,1144397
2011,2,71,1091024
2011,2,72,1032041
2011,2,73,1001679
2011,2,74,935355
2011,2,75,905517
2011,2,76,882836
2011,2,77,804306
2011,2,78,792342
2011,2,79,771252
2011,2,80,750405
2011,2,81,736884
2011,2,82,681435
2011,2,83,657136
2011,2,84,617386
2011,2,85,568257
2011,2,86,531646
2011,2,87,479400
2011,2,88,421111
2011,2,89,373650
2011,2,90,320615
2011,2,91,264760
2011,2,92,203785
2011,2,93,171054
2011,2,94,129467
2011,2,95,101421
2011,2,96,77438
2011,2,97,57123
2011,2,98,40078
2011,2,99,26995
2011,2,100,47427
2012,2,0,1918828
2012,2,1,1942336
2012,2,2,1947592
2012,2,3,1949981
2012,2,4,2012988
2012,2,5,2020418
2012,2,6,2002786
2012,2,7,1998086
2012,2,8,2003845
2012,2,9,1990297
2012,2,10,1981743
2012,2,11,2029338
2012,2,12,2056039
2012,2,13,2021656
2012,2,14,2020770
2012,2,15,2026735
2012,2,16,2036584
2012,2,17,2077863
2012,2,18,2119630
2012,2,19,2147693
2012,2,20,2210631
2012,2,21,2262957
2012,2,22,2264179
2012,2,23,2175939
2012,2,24,2129527
2012,2,25,2097367
2012,2,26,2112998
2012,2,27,2141291
2012,2,28,2085170
2012,2,29,2126133
2012,2,30,2133834
2012,2,31,2116673
2012,2,32,2153047
2012,2,33,2030325
2012,2,34,1994079
2012,2,35,1981173
2012,2,36,1923571
2012,2,37,1982198
2012,2,38,1930040
2012,2,39,1968104
2012,2,40,2056368
2012,2,41,2178015
2012,2,42,2198919
2012,2,43,2089473
2012,2,44,2050081
2012,2,45,2060732
2012,2,46,2100124
2012,2,47,2231187
2012,2,48,2283858
2012,2,49,2288921
2012,2,50,2289226
2012,2,51,2324763
2012,2,52,2341945
2012,2,53,2274709
2012,2,54,2267873
2012,2,55,2251670
2012,2,56,2179161
2012,2,57,2165374
2012,2,58,2089451
2012,2,59,2016783
2012,2,60,1942942
2012,2,61,1893143
2012,2,62,1851375
2012,2,63,1802987
2012,2,64,1787670
2012,2,65,1866323
2012,2,66,1388480
2012,2,67,1378097
2012,2,68,1350814
2012,2,69,1388824
2012,2,70,1220454
2012,2,71,1127132
2012,2,72,1072873
2012,2,73,1013036
2012,2,74,981299
2012,2,75,914365
2012,2,76,882988
2012,2,77,858483
2012,2,78,779613
2012,2,79,765388
2012,2,80,741929
2012,2,81,718584
2012,2,82,702057
2012,2,83,645056
2012,2,84,617529
2012,2,85,575428
2012,2,86,524645
2012,2,87,485897
2012,2,88,433184
2012,2,89,375802
2012,2,90,328636
2012,2,91,277841
2012,2,92,225462
2012,2,93,170574
2012,2,94,140362
2012,2,95,103744
2012,2,96,79602
2012,2,97,59221
2012,2,98,42561
2012,2,99,29076
2012,2,100,50040
2013,2,0,1921535
2013,2,1,1926975
2013,2,2,1949474
2013,2,3,1953937
2013,2,4,1955716
2013,2,5,2018270
2013,2,6,2025457
2013,2,7,2008054
2013,2,8,2003689
2013,2,9,2009475
2013,2,10,1995722
2013,2,11,1987192
2013,2,12,2034851
2013,2,13,2061499
2013,2,14,2027450
2013,2,15,2027258
2013,2,16,2034495
2013,2,17,2046345
2013,2,18,2089550
2013,2,19,2131812
2013,2,20,2159505
2013,2,21,2223571
2013,2,22,2277560
2013,2,23,2279500
2013,2,24,2191358
2013,2,25,2144936
2013,2,26,2112322
2013,2,27,2127054
2013,2,28,2153980
2013,2,29,2096829
2013,2,30,2136839
2013,2,31,2142681
2013,2,32,2124301
2013,2,33,2159798
2013,2,34,2036219
2013,2,35,1999361
2013,2,36,1985882
2013,2,37,1927787
2013,2,38,1985704
2013,2,39,1932840
2013,2,40,1970063
2013,2,41,2057646
2013,2,42,2178476
2013,2,43,2198626
2013,2,44,2088835
2013,2,45,2048742
2013,2,46,2058600
2013,2,47,2097525
2013,2,48,2227734
2013,2,49,2279475
2013,2,50,2283715
2013,2,51,2282991
2013,2,52,2317543
2013,2,53,2334346
2013,2,54,2266574
2013,2,55,2259005
2013,2,56,2241925
2013,2,57,2169077
2013,2,58,2154864
2013,2,59,2078654
2013,2,60,2005438
2013,2,61,1931061
2013,2,62,1880731
2013,2,63,1838238
2013,2,64,1788473
2013,2,65,1771753
2013,2,66,1848421
2013,2,67,1373973
2013,2,68,1362270
2013,2,69,1333184
2013,2,70,1369092
2013,2,71,1201673
2013,2,72,1108114
2013,2,73,1052801
2013,2,74,991933
2013,2,75,958751
2013,2,76,891081
2013,2,77,858000
2013,2,78,831546
2013,2,79,752272
2013,2,80,735588
2013,2,81,709699
2013,2,82,683617
2013,2,83,663667
2013,2,84,605095
2013,2,85,574405
2013,2,86,530267
2013,2,87,478290
2013,2,88,437992
2013,2,89,385521
2013,2,90,329759
2013,2,91,283679
2013,2,92,235927
2013,2,93,187731
2013,2,94,139462
2013,2,95,112249
2013,2,96,80812
2013,2,97,60670
2013,2,98,43866
2013,2,99,30672
2013,2,100,52817
2014,2,0,1930276
2014,2,1,1930380
2014,2,2,1934959
2014,2,3,1956678
2014,2,4,1960508
2014,2,5,1961786
2014,2,6,2024017
2014,2,7,2031240
2014,2,8,2014018
2014,2,9,2009689
2014,2,10,2015514
2014,2,11,2001620
2014,2,12,1992903
2014,2,13,2040800
2014,2,14,2067872
2014,2,15,2034823
2014,2,16,2035999
2014,2,17,2045266
2014,2,18,2059277
2014,2,19,2102909
2014,2,20,2144467
2014,2,21,2173240
2014,2,22,2239095
2014,2,23,2294201
2014,2,24,2296658
2014,2,25,2208092
2014,2,26,2160935
2014,2,27,2127935
2014,2,28,2141274
2014,2,29,2167038
2014,2,30,2109158
2014,2,31,2147071
2014,2,32,2151219
2014,2,33,2131991
2014,2,34,2166689
2014,2,35,2041918
2014,2,36,2004540
2014,2,37,1990584
2014,2,38,1932127
2014,2,39,1989243
2014,2,40,1935367
2014,2,41,1971748
2014,2,42,2058648
2014,2,43,2178522
2014,2,44,2198197
2014,2,45,2087839
2014,2,46,2047150
2014,2,47,2056499
2014,2,48,2094544
2014,2,49,2223762
2014,2,50,2274365
2014,2,51,2277644
2014,2,52,2276180
2014,2,53,2310001
2014,2,54,2326238
2014,2,55,2257827
2014,2,56,2249462
2014,2,57,2231799
2014,2,58,2158615
2014,2,59,2143935
2014,2,60,2067173
2014,2,61,1993446
2014,2,62,1918720
2014,2,63,1867631
2014,2,64,1824321
2014,2,65,1773145
2014,2,66,1754867
2014,2,67,1829304
2014,2,68,1358618
2014,2,69,1345551
2014,2,70,1315036
2014,2,71,1349006
2014,2,72,1182405
2014,2,73,1088386
2014,2,74,1031931
2014,2,75,970206
2014,2,76,935564
2014,2,77,867025
2014,2,78,832232
2014,2,79,803792
2014,2,80,724198
2014,2,81,705178
2014,2,82,676828
2014,2,83,647915
2014,2,84,624660
2014,2,85,564871
2014,2,86,531525
2014,2,87,485941
2014,2,88,433504
2014,2,89,392370
2014,2,90,340775
2014,2,91,287300
2014,2,92,243041
2014,2,93,198834
2014,2,94,155024
2014,2,95,113176
2014,2,96,89087
2014,2,97,62407
2014,2,98,45887
2014,2,99,32245
2014,2,100,57108
2015,2,0,1946335
2015,2,1,1939447
2015,2,2,1938866
2015,2,3,1942748
2015,2,4,1963920
2015,2,5,1967301
2015,2,6,1968114
2015,2,7,2030198
2015,2,8,2037381
2015,2,9,2020245
2015,2,10,2016098
2015,2,11,2021568
2015,2,12,2007613
2015,2,13,1999379
2015,2,14,2047705
2015,2,15,2075905
2015,2,16,2043984
2015,2,17,2047162
2015,2,18,2058607
2015,2,19,2072829
2015,2,20,2116041
2015,2,21,2158539
2015,2,22,2189241
2015,2,23,2256306
2015,2,24,2311946
2015,2,25,2314586
2015,2,26,2225798
2015,2,27,2178130
2015,2,28,2143756
2015,2,29,2155619
2015,2,30,2180452
2015,2,31,2120889
2015,2,32,2157131
2015,2,33,2160401
2015,2,34,2140535
2015,2,35,2174027
2015,2,36,2048091
2015,2,37,2010057
2015,2,38,1995577
2015,2,39,1936493
2015,2,40,1992527
2015,2,41,1938221
2015,2,42,1973791
2015,2,43,2059533
2015,2,44,2178655
2015,2,45,2197453
2015,2,46,2086529
2015,2,47,2045245
2015,2,48,2053749
2015,2,49,2091062
2015,2,50,2218950
2015,2,51,2268577
2015,2,52,2271147
2015,2,53,2269073
2015,2,54,2302158
2015,2,55,2317555
2015,2,56,2248303
2015,2,57,2239156
2015,2,58,2220768
2015,2,59,2147469
2015,2,60,2132161
2015,2,61,2054750
2015,2,62,1980480
2015,2,63,1905173
2015,2,64,1853321
2015,2,65,1808904
2015,2,66,1756632
2015,2,67,1736822
2015,2,68,1808942
2015,2,69,1341956
2015,2,70,1327048
2015,2,71,1294974
2015,2,72,1326453
2015,2,73,1160505
2015,2,74,1065997
2015,2,75,1008477
2015,2,76,945734
2015,2,77,909390
2015,2,78,840109
2015,2,79,803500
2015,2,80,772881
2015,2,81,693049
2015,2,82,671357
2015,2,83,640227
2015,2,84,608465
2015,2,85,581938
2015,2,86,521350
2015,2,87,485759
2015,2,88,439309
2015,2,89,386973
2015,2,90,345651
2015,2,91,295749
2015,2,92,245335
2015,2,93,203664
2015,2,94,163635
2015,2,95,124678
2015,2,96,89392
2015,2,97,68608
2015,2,98,46611
2015,2,99,33560
2015,2,100,60309
2016,2,0,1933398
2016,2,1,1955986
2016,2,2,1948528
2016,2,3,1947162
2016,2,4,1950458
2016,2,5,1971290
2016,2,6,1974200
2016,2,7,1974726
2016,2,8,2036413
2016,2,9,2043524
2016,2,10,2026822
2016,2,11,2022513
2016,2,12,2027943
2016,2,13,2014533
2016,2,14,2006781
2016,2,15,2056081
2016,2,16,2085234
2016,2,17,2055450
2016,2,18,2060836
2016,2,19,2072199
2016,2,20,2085734
2016,2,21,2129507
2016,2,22,2173820
2016,2,23,2205938
2016,2,24,2273771
2016,2,25,2329861
2016,2,26,2332075
2016,2,27,2243014
2016,2,28,2194334
2016,2,29,2158250
2016,2,30,2168817
2016,2,31,2192162
2016,2,32,2131389
2016,2,33,2167106
2016,2,34,2169656
2016,2,35,2148196
2016,2,36,2180194
2016,2,37,2053238
2016,2,38,2014931
2016,2,39,1999974
2016,2,40,1939995
2016,2,41,1995458
2016,2,42,1940397
2016,2,43,1974818
2016,2,44,2059990
2016,2,45,2178117
2016,2,46,2196119
2016,2,47,2084734
2016,2,48,2042659
2016,2,49,2050331
2016,2,50,2086733
2016,2,51,2213550
2016,2,52,2262470
2016,2,53,2264175
2016,2,54,2261281
2016,2,55,2293189
2016,2,56,2307887
2016,2,57,2238076
2016,2,58,2228183
2016,2,59,2208935
2016,2,60,2135237
2016,2,61,2119330
2016,2,62,2041153
2016,2,63,1966279
2016,2,64,1890301
2016,2,65,1837708
2016,2,66,1792444
2016,2,67,1738767
2016,2,68,1717408
2016,2,69,1786797
2016,2,70,1323823
2016,2,71,1307707
2016,2,72,1274191
2016,2,73,1302918
2016,2,74,1137710
2016,2,75,1042777
2016,2,76,984055
2016,2,77,920351
2016,2,78,882464
2016,2,79,812383
2016,2,80,773806
2016,2,81,741026
2016,2,82,660912
2016,2,83,636570
2016,2,84,602871
2016,2,85,568422
2016,2,86,539010
2016,2,87,478200
2016,2,88,440868
2016,2,89,394082
2016,2,90,342516
2016,2,91,301737
2016,2,92,254143
2016,2,93,207293
2016,2,94,168701
2016,2,95,133061
2016,2,96,98874
2016,2,97,69709
2016,2,98,52122
2016,2,99,34278
2016,2,100,64381
2017,2,0,1902229
2017,2,1,1942553
2017,2,2,1964591
2017,2,3,1956345
2017,2,4,1954324
2017,2,5,1957283
2017,2,6,1977675
2017,2,7,1980318
2017,2,8,1980414
2017,2,9,2042051
2017,2,10,2049591
2017,2,11,2032786
2017,2,12,2028464
2017,2,13,2034410
2017,2,14,2021482
2017,2,15,2014532
2017,2,16,2064678
2017,2,17,2095915
2017,2,18,2068226
2017,2,19,2073599
2017,2,20,2084088
2017,2,21,2097874
2017,2,22,2143361
2017,2,23,2189206
2017,2,24,2222005
2017,2,25,2289891
2017,2,26,2345692
2017,2,27,2347763
2017,2,28,2257331
2017,2,29,2207056
2017,2,30,2169624
2017,2,31,2178857
2017,2,32,2200919
2017,2,33,2139826
2017,2,34,2175017
2017,2,35,2176080
2017,2,36,2153094
2017,2,37,2184235
2017,2,38,2057095
2017,2,39,2018267
2017,2,40,2002355
2017,2,41,1942242
2017,2,42,1996977
2017,2,43,1940860
2017,2,44,1974887
2017,2,45,2059096
2017,2,46,2176137
2017,2,47,2193532
2017,2,48,2081521
2017,2,49,2038954
2017,2,50,2045713
2017,2,51,2081249
2017,2,52,2207214
2017,2,53,2255270
2017,2,54,2256009
2017,2,55,2252100
2017,2,56,2283360
2017,2,57,2297128
2017,2,58,2226723
2017,2,59,2216104
2017,2,60,2195969
2017,2,61,2121728
2017,2,62,2105052
2017,2,63,2026085
2017,2,64,1950443
2017,2,65,1873954
2017,2,66,1820532
2017,2,67,1774363
2017,2,68,1719335
2017,2,69,1695964
2017,2,70,1762397
2017,2,71,1304069
2017,2,72,1286542
2017,2,73,1251300
2017,2,74,1277014
2017,2,75,1112557
2017,2,76,1017206
2017,2,77,957388
2017,2,78,892750
2017,2,79,853067
2017,2,80,782025
2017,2,81,741500
2017,2,82,706444
2017,2,83,626160
2017,2,84,599124
2017,2,85,562828
2017,2,86,525983
2017,2,87,494138
2017,2,88,433561
2017,2,89,394985
2017,2,90,348543
2017,2,91,298458
2017,2,92,258931
2017,2,93,214326
2017,2,94,171609
2017,2,95,136630
2017,2,96,105625
2017,2,97,76276
2017,2,98,52978
2017,2,99,38489
2017,2,100,67113
2018,2,0,1863680
2018,2,1,1909808
2018,2,2,1949783
2018,2,3,1971149
2018,2,4,1962288
2018,2,5,1959933
2018,2,6,1962556
2018,2,7,1982758
2018,2,8,1985136
2018,2,9,1985278
2018,2,10,2047367
2018,2,11,2054730
2018,2,12,2037934
2018,2,13,2034103
2018,2,14,2040331
2018,2,15,2028123
2018,2,16,2021917
2018,2,17,2073767
2018,2,18,2106545
2018,2,19,2078346
2018,2,20,2082669
2018,2,21,2093452
2018,2,22,2108756
2018,2,23,2155373
2018,2,24,2201671
2018,2,25,2234325
2018,2,26,2301893
2018,2,27,2357474
2018,2,28,2358252
2018,2,29,2266509
2018,2,30,2215152
2018,2,31,2176604
2018,2,32,2184999
2018,2,33,2206709
2018,2,34,2145351
2018,2,35,2179365
2018,2,36,2178997
2018,2,37,2155169
2018,2,38,2186317
2018,2,39,2058898
2018,2,40,2019210
2018,2,41,2002979
2018,2,42,1942294
2018,2,43,1996003
2018,2,44,1939799
2018,2,45,1973132
2018,2,46,2056436
2018,2,47,2172644
2018,2,48,2189307
2018,2,49,2076952
2018,2,50,2033691
2018,2,51,2039732
2018,2,52,2074772
2018,2,53,2199745
2018,2,54,2246722
2018,2,55,2246386
2018,2,56,2241746
2018,2,57,2271979
2018,2,58,2284890
2018,2,59,2213882
2018,2,60,2202100
2018,2,61,2181027
2018,2,62,2106462
2018,2,63,2088873
2018,2,64,2009293
2018,2,65,1932867
2018,2,66,1855724
2018,2,67,1801724
2018,2,68,1754148
2018,2,69,1697549
2018,2,70,1672708
2018,2,71,1736152
2018,2,72,1282744
2018,2,73,1263573
2018,2,74,1226632
2018,2,75,1248969
2018,2,76,1085389
2018,2,77,989859
2018,2,78,928953
2018,2,79,863287
2018,2,80,821605
2018,2,81,749762
2018,2,82,707340
2018,2,83,669830
2018,2,84,589682
2018,2,85,560021
2018,2,86,521445
2018,2,87,482781
2018,2,88,448790
2018,2,89,389044
2018,2,90,349996
2018,2,91,304481
2018,2,92,256601
2018,2,93,219038
2018,2,94,177960
2018,2,95,139595
2018,2,96,108573
2018,2,97,82100
2018,2,98,57593
2018,2,99,39576
2018,2,100,72153
2019,2,0,1847935
2019,2,1,1871014
2019,2,2,1916500
2019,2,3,1955655
2019,2,4,1976372
2019,2,5,1967081
2019,2,6,1964271
2019,2,7,1966584
2019,2,8,1986471
2019,2,9,1988726
2019,2,10,1989162
2019,2,11,2051224
2019,2,12,2058568
2019,2,13,2042234
2019,2,14,2038819
2019,2,15,2045739
2019,2,16,2034255
2019,2,17,2029872
2019,2,18,2083442
2019,2,19,2115655
2019,2,20,2086544
2019,2,21,2091237
2019,2,22,2103476
2019,2,23,2119886
2019,2,24,2167045
2019,2,25,2213205
2019,2,26,2245334
2019,2,27,2312599
2019,2,28,2366969
2019,2,29,2366339
2019,2,30,2273519
2019,2,31,2220984
2019,2,32,2181619
2019,2,33,2189693
2019,2,34,2210880
2019,2,35,2148244
2019,2,36,2181076
2019,2,37,2180124
2019,2,38,2156217
2019,2,39,2186919
2019,2,40,2058650
2019,2,41,2018752
2019,2,42,2002157
2019,2,43,1940751
2019,2,44,1994174
2019,2,45,1937417
2019,2,46,1970074
2019,2,47,2052817
2019,2,48,2168043
2019,2,49,2184045
2019,2,50,2071196
2019,2,51,2027460
2019,2,52,2033163
2019,2,53,2067526
2019,2,54,2191195
2019,2,55,2236979
2019,2,56,2235893
2019,2,57,2230590
2019,2,58,2259796
2019,2,59,2271644
2019,2,60,2199986
2019,2,61,2187221
2019,2,62,2165425
2019,2,63,2090246
2019,2,64,2071538
2019,2,65,1991169
2019,2,66,1914181
2019,2,67,1836574
2019,2,68,1781346
2019,2,69,1731958
2019,2,70,1674584
2019,2,71,1647705
2019,2,72,1707812
2019,2,73,1259662
2019,2,74,1238863
2019,2,75,1199896
2019,2,76,1218702
2019,2,77,1056331
2019,2,78,960647
2019,2,79,898590
2019,2,80,831640
2019,2,81,788013
2019,2,82,715575
2019,2,83,671025
2019,2,84,631230
2019,2,85,551385
2019,2,86,519340
2019,2,87,479078
2019,2,88,438887
2019,2,89,403333
2019,2,90,345227
2019,2,91,306231
2019,2,92,262383
2019,2,93,217370
2019,2,94,182384
2019,2,95,145092
2019,2,96,111417
2019,2,97,84358
2019,2,98,62607
2019,2,99,42528
2019,2,100,76850
2020,2,0,2010975
2020,2,1,2009757
2020,2,2,2006946
2020,2,3,2002379
2020,2,4,1962823
2020,2,5,1975801
2020,2,6,1969852
2020,2,7,1967653
2020,2,8,1970597
2020,2,9,1991375
2020,2,10,1994804
2020,2,11,1996275
2020,2,12,2058852
2020,2,13,2066531
2020,2,14,2049751
2020,2,15,2047077
2020,2,16,2056866
2020,2,17,2048831
2020,2,18,2048241
2020,2,19,2104917
2020,2,20,2141957
2020,2,21,2119670
2020,2,22,2130177
2020,2,23,2146089
2020,2,24,2162638
2020,2,25,2207637
2020,2,26,2251951
2020,2,27,2281787
2020,2,28,2345635
2020,2,29,2395828
2020,2,30,2391528
2020,2,31,2295954
2020,2,32,2240350
2020,2,33,2198405
2020,2,34,2204092
2020,2,35,2222618
2020,2,36,2158334
2020,2,37,2191162
2020,2,38,2191390
2020,2,39,2168092
2020,2,40,2198265
2020,2,41,2071410
2020,2,42,2030324
2020,2,43,2011910
2020,2,44,1949646
2020,2,45,2002044
2020,2,46,1945353
2020,2,47,1977614
2020,2,48,2059307
2020,2,49,2173024
2020,2,50,2187217
2020,2,51,2074827
2020,2,52,2030929
2020,2,53,2036851
2020,2,54,2071081
2020,2,55,2193810
2020,2,56,2239603
2020,2,57,2239785
2020,2,58,2235355
2020,2,59,2264388
2020,2,60,2274781
2020,2,61,2203208
2020,2,62,2188909
2020,2,63,2165066
2020,2,64,2086903
2020,2,65,2064437
2020,2,66,1982066
2020,2,67,1903138
2020,2,68,1823205
2020,2,69,1765436
2020,2,70,1714418
2020,2,71,1656772
2020,2,72,1627622
2020,2,73,1682412
2020,2,74,1241057
2020,2,75,1217497
2020,2,76,1177179
2020,2,77,1191718
2020,2,78,1030432
2020,2,79,933775
2020,2,80,869857
2020,2,81,801644
2020,2,82,755337
2020,2,83,681800
2020,2,84,634823
2020,2,85,592002
2020,2,86,512755
2020,2,87,477720
2020,2,88,436397
2020,2,89,395535
2020,2,90,358874
2020,2,91,303418
2020,2,92,265105
2020,2,93,223307
2020,2,94,181976
2020,2,95,149393
2020,2,96,116425
2020,2,97,87368
2020,2,98,65017
2020,2,99,46593
2020,2,100,70909
2021,2,0,2018009
2021,2,1,2018431
2021,2,2,2016921
2021,2,3,2013113
2021,2,4,2007866
2021,2,5,1967692
2021,2,6,1980773
2021,2,7,1975046
2021,2,8,1973014
2021,2,9,1976159
2021,2,10,1996991
2021,2,11,2000347
2021,2,12,2001616
2021,2,13,2064419
2021,2,14,2072799
2021,2,15,2057319
2021,2,16,2056628
2021,2,17,2068576
2021,2,18,2062982
2021,2,19,2064484
2021,2,20,2122665
2021,2,21,2160438
2021,2,22,2138746
2021,2,23,2149268
2021,2,24,2165106
2021,2,25,2181532
2021,2,26,2225809
2021,2,27,2269217
2021,2,28,2297811
2021,2,29,2359976
2021,2,30,2408555
2021,2,31,2402534
2021,2,32,2305635
2021,2,33,2249016
2021,2,34,2206394
2021,2,35,2211450
2021,2,36,2229321
2021,2,37,2164552
2021,2,38,2196606
2021,2,39,2196215
2021,2,40,2172108
2021,2,41,2201196
2021,2,42,2073894
2021,2,43,2032185
2021,2,44,2013233
2021,2,45,1950527
2021,2,46,2002051
2021,2,47,1944551
2021,2,48,1975789
2021,2,49,2056377
2021,2,50,2169007
2021,2,51,2182457
2021,2,52,2070085
2021,2,53,2026180
2021,2,54,2031864
2021,2,55,2065595
2021,2,56,2187324
2021,2,57,2232402
2021,2,58,2231968
2021,2,59,2226881
2021,2,60,2254743
2021,2,61,2263689
2021,2,62,2191112
2021,2,63,2175160
2021,2,64,2149778
2021,2,65,2070547
2021,2,66,2046557
2021,2,67,1963147
2021,2,68,1883389
2021,2,69,1802497
2021,2,70,1743362
2021,2,71,1690653
2021,2,72,1631407
2021,2,73,1600013
2021,2,74,1650833
2021,2,75,1215678
2021,2,76,1189730
2021,2,77,1147381
2021,2,78,1158027
2021,2,79,998145
2021,2,80,901032
2021,2,81,835718
2021,2,82,766339
2021,2,83,717789
2021,2,84,643480
2021,2,85,594506
2021,2,86,549752
2021,2,87,471786
2021,2,88,435082
2021,2,89,392980
2021,2,90,351692
2021,2,91,314674
2021,2,92,261999
2021,2,93,225109
2021,2,94,186202
2021,2,95,148767
2021,2,96,119559
2021,2,97,91067
2021,2,98,66671
2021,2,99,48335
2021,2,100,74827
